Frame,Time Stamp,FPS Location,Skellid,HPC_PX,HPC_PY,HPC_x,HPC_y,HPC_z,SP_PX,SP_PY,SP_x,SP_y,SP_z,SC_PX,SC_PY,SC_x,SC_y,SC_z,HE_PX,HE_PY,HE_x,HE_y,HE_z,SL_PX,SL_PY,SL_x,SL_y,SL_z,EL_PX,EL_PY,EL_x,EL_y,EL_z,WL_PX,WL_PY,WL_x,WL_y,WL_z,HL_PX,HL_PY,HL_x,HL_y,HL_z,SR_PX,SR_PY,SR_x,SR_y,SR_z,ER_PX,ER_PY,ER_x,ER_y,ER_z,WR_PX,WR_PY,WR_x,WR_y,WR_z,HR_PX,HR_PY,HR_x,HR_y,HR_z,HPL_PX,HPL_PY,HPL_x,HPL_y,HPL_z,KL_PX,KL_PY,KL_x,KL_y,KL_z,AL_PX,AL_PY,AL_x,AL_y,AL_z,FL_PX,FL_PY,FL_x,FL_y,FL_z,HPR_PX,HPR_PY,HPR_x,HPR_y,HPR_z,KR_PX,KR_PY,KR_x,KR_y,KR_z,AR_PX,AR_PY,AR_x,AR_y,AR_z,FR_PX,FR_PY,FR_x,FR_y,FR_z,Posture
5954,16:05:46,626,63,264,197,-0.2625787,0.2038715,2.691787,266,184,-0.2535584,0.2635881,2.679788,275,118,-0.2084571,0.5621715,2.634424,281,74,-0.1763239,0.7479315,2.575548,238,133,-0.3906176,0.511914,2.730875,230,194,-0.4547327,0.2316841,2.891127,223,243,-0.491449,-0.01713106,2.897459,221,260,-0.5036877,-0.1000695,2.90356,306,144,-0.06249424,0.4421596,2.628898,310,196,-0.04672685,0.2078827,2.697371,299,235,-0.09131242,0.0204255,2.484226,294,247,-0.1124964,-0.03080584,2.428415,247,210,-0.3479777,0.1429613,2.72148,231,327,-0.455154,-0.4434155,2.908868,252,401,-0.3516498,-0.8321483,2.953542,245,410,-0.4035572,-0.9105043,3.064808,277,216,-0.2003222,0.1115719,2.681504,266,340,-0.258599,-0.4801708,2.735592,277,419,-0.2082083,-0.8691724,2.769474,260,432,-0.2933052,-0.9347571,2.776313,C2
5966,16:05:47,27,63,222,205,-0.5014546,0.1809151,2.922045,221,191,-0.5024656,0.2487928,2.911515,219,123,-0.5080895,0.5881777,2.874774,224,84,-0.4759259,0.770059,2.824005,184,147,-0.6780915,0.4654558,2.844465,169,200,-0.7454774,0.1959694,2.816111,160,254,-0.7554427,-0.06840926,2.701168,160,274,-0.7467111,-0.1579034,2.660875,255,146,-0.3353058,0.4834776,2.938776,260,191,-0.3163371,0.2621265,3.03111,283,216,-0.1847588,0.1180945,2.845435,288,226,-0.1567353,0.06612723,2.791905,207,221,-0.5744604,0.09882697,2.911927,199,326,-0.6477709,-0.4591292,3.052176,193,391,-0.6970855,-0.8302207,3.136528,186,404,-0.7299775,-0.8910074,3.104432,237,219,-0.4264637,0.1075511,2.945835,245,333,-0.3770874,-0.4689965,2.872472,264,410,-0.2814665,-0.8597788,2.897032,256,425,-0.3174336,-0.9214177,2.842513,C2
5996,16:05:48,23,63,196,202,-0.7090263,0.2163973,3.261914,195,190,-0.7083191,0.2832944,3.246487,193,129,-0.7064587,0.6183745,3.18647,200,92,-0.6588722,0.8105668,3.13816,164,148,-0.8593521,0.5082605,3.150633,147,186,-0.9847871,0.3045077,3.243959,150,225,-0.9815456,0.08906639,3.306933,152,239,-0.9786938,0.00755582,3.326502,226,145,-0.5518454,0.5526547,3.340728,230,187,-0.5360216,0.3161295,3.404213,235,214,-0.4816073,0.1487191,3.245214,239,220,-0.4401455,0.106404,3.105182,183,216,-0.7778866,0.1383923,3.239192,170,318,-0.8260007,-0.4297381,3.15238,164,387,-0.8822918,-0.833187,3.228466,162,400,-0.8782279,-0.8882479,3.172354,209,216,-0.6422549,0.1379905,3.309921,209,312,-0.6527634,-0.4246449,3.349776,204,379,-0.6870942,-0.8260472,3.395892,208,390,-0.6539369,-0.8804223,3.349623,C11
6026,16:05:49,28,63,155,202,-0.9030356,0.2097133,3.129427,154,189,-0.9088887,0.2804244,3.130363,148,124,-0.9420099,0.6340022,3.120246,139,89,-0.9780237,0.8159605,3.089084,117,151,-1.120429,0.4936429,3.158854,115,190,-1.160458,0.2827704,3.228299,119,229,-1.143038,0.06319243,3.250232,121,243,-1.140162,-0.01917177,3.270005,179,142,-0.7728302,0.5333036,3.124618,194,190,-0.7097127,0.2835304,3.218558,196,215,-0.6620448,0.1343288,3.046371,196,228,-0.6424053,0.0628586,2.95888,143,218,-0.9718721,0.1205833,3.137322,151,322,-0.9397948,-0.4578253,3.1815,159,387,-0.909904,-0.8289348,3.221039,153,401,-0.9407083,-0.9032143,3.209658,170,215,-0.8204817,0.1389957,3.119292,186,321,-0.7229985,-0.4393354,3.08405,202,385,-0.6646346,-0.817615,3.21867,203,400,-0.6501653,-0.8912082,3.187516,C11
6056,16:05:50,26,63,176,203,-0.762585,0.19709,3.030903,176,190,-0.7644479,0.2667306,3.032575,173,124,-0.7754045,0.6145089,3.014047,170,86,-0.7761867,0.795688,2.95466,142,146,-0.954301,0.5059619,3.060446,137,182,-1.003715,0.3164321,3.125235,139,220,-1.011284,0.1132782,3.184925,140,234,-1.00847,0.03271057,3.204268,205,143,-0.6156194,0.5198309,3.047623,218,185,-0.5566781,0.302239,3.118809,212,217,-0.5667623,0.1184473,2.992241,178,205,-0.7002521,0.1716432,2.80757,162,218,-0.8368149,0.1151799,3.03173,160,323,-0.8728963,-0.4546303,3.112711,159,388,-0.9043654,-0.8304501,3.211678,154,402,-0.9257675,-0.8999823,3.182248,191,217,-0.683575,0.1226452,3.031006,200,328,-0.6381654,-0.4683197,3.045045,210,397,-0.5978826,-0.8523364,3.094312,207,410,-0.602445,-0.9056048,3.036822,C1
6086,16:05:51,28,63,207,202,-0.5983445,0.2008422,3.033036,207,189,-0.6021451,0.2710097,3.031651,205,122,-0.6090354,0.6230119,3.023184,213,84,-0.5668465,0.8277541,3.03666,173,144,-0.762247,0.5007153,2.970746,161,189,-0.8167696,0.2630325,2.940065,168,230,-0.7686051,0.05115898,2.8871,173,241,-0.7305205,-0.007280152,2.844386,237,146,-0.4571159,0.5210328,3.151366,240,184,-0.4482959,0.3143682,3.186966,243,210,-0.4090173,0.1583959,3.029405,257,201,-0.3152012,0.1965974,2.855091,193,216,-0.6648514,0.1258796,2.994335,175,326,-0.75348,-0.4466588,2.973259,169,387,-0.8238571,-0.8046349,3.12149,160,402,-0.8667492,-0.879176,3.10083,222,218,-0.5268272,0.1187602,3.072038,217,325,-0.5591674,-0.4587083,3.091666,212,396,-0.5869695,-0.846393,3.096555,207,410,-0.602042,-0.9043534,3.037647,C1
6116,16:05:52,32,63,172,203,-0.7993355,0.1993217,3.085115,170,190,-0.8058801,0.2695095,3.079192,164,125,-0.8395763,0.6198705,3.066489,167,85,-0.8163545,0.824671,3.043572,131,148,-1.007022,0.4899837,3.051389,124,192,-1.04924,0.2555224,3.055574,126,232,-1.022058,0.04393424,3.006663,131,251,-0.9867675,-0.05824938,2.98436,199,142,-0.6664041,0.5416517,3.143591,210,181,-0.6121394,0.3294226,3.1819,229,188,-0.4804081,0.2728241,3.006521,237,185,-0.4291296,0.2818993,2.943715,158,219,-0.8711337,0.1154195,3.068306,164,322,-0.856814,-0.4479682,3.128951,168,388,-0.8488677,-0.8228961,3.186042,164,401,-0.8590299,-0.8826574,3.138691,189,217,-0.7134474,0.1254852,3.104782,198,328,-0.6653187,-0.4793206,3.104556,208,395,-0.6050355,-0.837858,3.091446,207,408,-0.6001342,-0.8944629,3.035972,C1
6141,16:05:53,32,63,192,203,-0.6771088,0.1932877,3.018385,191,190,-0.6831673,0.263836,3.016511,186,123,-0.7024593,0.6170034,3.00315,193,85,-0.6676134,0.8109229,2.998258,156,147,-0.8483838,0.4848208,2.964146,144,195,-0.9138208,0.2329187,2.966071,149,249,-0.8656671,-0.04721455,2.894341,154,270,-0.8353819,-0.1502086,2.874424,220,143,-0.544661,0.5285311,3.125266,228,188,-0.5098861,0.2917219,3.175411,257,180,-0.3358715,0.3167776,3.028958,272,171,-0.245694,0.3583815,2.951592,178,218,-0.7413875,0.1126538,2.984114,174,325,-0.7879069,-0.4569511,3.079409,170,389,-0.8336279,-0.831981,3.180656,163,401,-0.8600997,-0.8828664,3.129478,207,218,-0.6031694,0.1177288,3.052878,217,325,-0.5542964,-0.4603046,3.075504,223,397,-0.5237708,-0.852773,3.09826,228,411,-0.4953482,-0.9197317,3.0734,C11
6170,16:05:54,0,63,218,205,-0.5424495,0.1860612,3.02435,218,191,-0.5413677,0.2574269,3.018603,218,123,-0.5351039,0.6142505,3.006204,218,86,-0.5265995,0.7992985,2.957505,185,145,-0.7084597,0.49793,2.99584,174,187,-0.7774964,0.283442,3.041834,180,222,-0.7191741,0.09498042,2.938438,190,236,-0.6572005,0.02047361,2.888496,251,144,-0.3704868,0.5137931,3.045548,262,182,-0.3127553,0.3137494,3.085056,271,182,-0.2380178,0.2851481,2.789365,275,182,-0.2131052,0.2756143,2.695307,202,219,-0.6206763,0.1094631,3.013544,189,327,-0.6974317,-0.4632345,3.035539,189,394,-0.7143542,-0.8418148,3.116878,175,407,-0.7862425,-0.905183,3.103109,232,220,-0.4659854,0.1086811,3.040679,229,326,-0.4910412,-0.4649401,3.081373,225,398,-0.5154461,-0.8596683,3.109575,228,411,-0.4936756,-0.9186265,3.064821,C13
6200,16:05:55,1,63,174,203,-0.7712408,0.1952634,3.026542,174,190,-0.7704477,0.2657233,3.019534,174,122,-0.7682087,0.6172541,2.998851,165,86,-0.802932,0.7997226,2.958354,142,147,-0.9635267,0.5033774,3.09476,139,200,-0.993362,0.2179896,3.131896,128,243,-1.026521,-0.01816747,3.05166,120,256,-1.050993,-0.08274336,3.000781,203,143,-0.6180537,0.5128579,3.007775,218,183,-0.5491463,0.3063186,3.088825,209,203,-0.5595919,0.1845419,2.880802,196,211,-0.5993803,0.1382214,2.769618,161,219,-0.8489311,0.1119092,3.044989,172,323,-0.7972283,-0.4449196,3.077631,181,393,-0.7609935,-0.8340717,3.122115,171,405,-0.8034376,-0.8901161,3.090424,188,217,-0.695114,0.1195373,3.012959,205,330,-0.6160744,-0.4803916,3.053033,221,397,-0.5390926,-0.8556719,3.105493,223,411,-0.5211334,-0.919234,3.065692,C13
6230,16:05:56,4,63,176,203,-0.7631499,0.1933291,3.020675,175,190,-0.7672777,0.2619581,3.012799,169,124,-0.7853348,0.6037704,2.980463,175,84,-0.7482922,0.8033566,2.943935,137,145,-0.9545267,0.4943365,2.977866,125,197,-1.043899,0.2319714,3.050863,122,250,-1.066984,-0.05592405,3.083706,123,269,-1.064142,-0.1551219,3.082901,203,142,-0.6269555,0.5275525,3.062093,210,186,-0.6096206,0.3019831,3.165538,233,195,-0.4575402,0.2392639,3.009382,234,192,-0.4363833,0.2447132,2.89913,162,219,-0.8325713,0.1115557,3.005955,170,325,-0.8039607,-0.4544312,3.068353,180,394,-0.7623785,-0.8398589,3.119969,169,406,-0.8210545,-0.9008095,3.102539,192,218,-0.6839262,0.1194535,3.043248,204,331,-0.6121804,-0.4807633,3.013037,216,403,-0.5446898,-0.8528075,2.997956,220,419,-0.5110886,-0.9159383,2.930803,C1
6260,16:05:57,0,63,208,204,-0.5723157,0.1852542,2.92842,207,190,-0.5772125,0.2569822,2.92398,203,119,-0.5964864,0.6157198,2.913465,216,82,-0.5340849,0.8050218,2.919823,174,143,-0.7201761,0.4806156,2.82615,156,198,-0.8096159,0.2080191,2.815552,153,255,-0.8157484,-0.07418547,2.78531,153,278,-0.8140584,-0.183068,2.784137,236,144,-0.4464837,0.5151497,3.053781,242,187,-0.4178074,0.2849578,3.068524,270,195,-0.2550251,0.2324715,2.919272,282,191,-0.1890135,0.2470938,2.867687,196,219,-0.627189,0.1054106,2.880523,186,334,-0.6756635,-0.4748769,2.875217,174,403,-0.765872,-0.851308,2.988951,167,417,-0.7912496,-0.9176892,2.960251,223,220,-0.5067295,0.1061383,2.975662,221,329,-0.5181934,-0.468262,2.992705,216,404,-0.5447044,-0.8559194,2.99023,218,417,-0.5248701,-0.914459,2.94491,C23
6290,16:05:58,2,63,180,203,-0.7154165,0.1870322,2.926497,179,189,-0.7201186,0.2584089,2.919635,173,119,-0.7446442,0.6142131,2.901829,177,79,-0.7202469,0.8146302,2.884579,143,144,-0.8866778,0.4777429,2.856278,129,199,-0.946589,0.2030849,2.827966,125,259,-0.9624863,-0.09273766,2.817579,129,277,-0.9495364,-0.1819586,2.837504,209,140,-0.5924776,0.5306528,3.038298,217,185,-0.5571026,0.2951991,3.087895,239,190,-0.4133855,0.2568223,2.912624,248,190,-0.3583787,0.2498729,2.839278,167,219,-0.7752079,0.1057593,2.893001,170,332,-0.7737018,-0.4750692,2.94487,170,402,-0.7855994,-0.8505012,2.998849,164,419,-0.8009824,-0.9202798,2.940171,196,218,-0.6458946,0.1162801,2.963881,207,331,-0.584627,-0.473779,2.965187,214,403,-0.5527597,-0.8519726,2.988667,220,415,-0.5101576,-0.8952461,2.921838,C11
6320,16:05:59,3,63,199,202,-0.6452855,0.201038,3.052391,198,189,-0.6509671,0.2723789,3.045884,192,121,-0.6778654,0.6294141,3.029255,198,84,-0.6513057,0.8290495,3.041059,164,146,-0.8110799,0.4882023,2.971215,152,192,-0.8656009,0.244876,2.94349,156,248,-0.8294839,-0.04233589,2.893293,159,269,-0.8105429,-0.1482785,2.883594,225,141,-0.5281556,0.5500647,3.189282,231,179,-0.5053191,0.3485048,3.249582,218,200,-0.5310442,0.2103196,2.975893,219,188,-0.5165579,0.2674373,2.921978,187,217,-0.7028865,0.1198556,3.013674,177,329,-0.7531427,-0.4653751,2.999391,171,402,-0.7847217,-0.853384,3.00535,166,419,-0.7886361,-0.9160922,2.923297,214,216,-0.575654,0.1284204,3.094754,222,318,-0.5431662,-0.4341409,3.170164,222,380,-0.5626743,-0.8026929,3.276442,226,393,-0.5413328,-0.8763933,3.27642,C23
6350,16:06:00,5,63,216,204,-0.5882921,0.2019572,3.225091,216,192,-0.5864067,0.2716516,3.219138,217,129,-0.577689,0.6228812,3.201355,217,93,-0.5644922,0.8056808,3.125817,185,147,-0.7511632,0.515028,3.177822,175,189,-0.8238226,0.2899702,3.238147,176,223,-0.7794248,0.09277461,3.093758,182,234,-0.7311262,0.03278505,3.02623,246,146,-0.416999,0.530355,3.233073,253,183,-0.3813115,0.3248275,3.269862,240,189,-0.4224914,0.2706671,3.034298,237,191,-0.4329609,0.2558106,2.97731,202,217,-0.6629677,0.1268564,3.207201,193,321,-0.7013041,-0.4448398,3.153977,186,392,-0.7290273,-0.8306743,3.116153,181,406,-0.7473432,-0.8909767,3.069823,229,218,-0.517175,0.1237414,3.24332,226,315,-0.5399812,-0.4331296,3.292131,221,382,-0.5750415,-0.8239133,3.325024,228,393,-0.5332665,-0.8877179,3.316785,C11
6380,16:06:01,8,63,193,202,-0.6758186,0.2004614,3.047752,192,189,-0.6830333,0.2708814,3.040999,185,122,-0.7151695,0.6233537,3.017095,191,85,-0.682371,0.8169013,3.011851,156,146,-0.8520436,0.4853576,2.963577,144,190,-0.9089533,0.2599213,2.946837,174,230,-0.7252571,0.05151896,2.840466,187,235,-0.6557375,0.02269282,2.815969,218,143,-0.5662221,0.5380236,3.16072,223,184,-0.5480519,0.3165911,3.217653,239,189,-0.4307986,0.2703424,3.028047,245,181,-0.383865,0.3044779,2.92621,180,217,-0.7361993,0.1189819,3.008317,181,324,-0.7446011,-0.4497883,3.064122,183,393,-0.7454678,-0.8327962,3.10638,182,407,-0.7425826,-0.8977068,3.065269,209,216,-0.6017274,0.127883,3.093004,219,321,-0.5543259,-0.4453109,3.130733,223,381,-0.5580554,-0.8072274,3.2771,229,391,-0.5119688,-0.8503578,3.212306,C11
6410,16:06:02,7,63,195,203,-0.6633841,0.1945665,3.026894,194,190,-0.6683033,0.2635452,3.019431,188,124,-0.6906666,0.6075028,2.998184,191,85,-0.6699649,0.8045131,2.964926,156,147,-0.8503292,0.4840105,2.962091,144,191,-0.9123158,0.2564346,2.963359,154,226,-0.8337626,0.06916314,2.876966,168,238,-0.7538002,0.009978555,2.837447,221,142,-0.5394204,0.5357389,3.116671,228,181,-0.5175698,0.3306847,3.197941,238,194,-0.4179299,0.2379281,2.926172,241,192,-0.4002329,0.2413758,2.876108,181,219,-0.7302898,0.1094949,2.994791,182,325,-0.738596,-0.4567559,3.06058,184,394,-0.7426784,-0.8379155,3.113604,182,407,-0.7420079,-0.8993857,3.068409,211,217,-0.5840792,0.1246724,3.064443,225,329,-0.5053592,-0.472948,3.051741,240,396,-0.4372258,-0.8529645,3.126993,239,408,-0.4347035,-0.9048415,3.071101,C11
6437,16:06:03,8,63,231,204,-0.4775196,0.1948725,3.070486,232,191,-0.4740682,0.2631634,3.062705,234,126,-0.4561836,0.6044674,3.037342,233,87,-0.4495853,0.7908912,2.961273,202,144,-0.6378883,0.5185537,3.096881,197,183,-0.6739886,0.313513,3.121024,184,203,-0.6967093,0.1875415,2.930267,174,204,-0.7234975,0.1798574,2.826575,264,146,-0.2952423,0.4981881,3.025907,274,188,-0.2449179,0.2806537,3.068035,259,202,-0.3063014,0.1927504,2.868893,241,191,-0.3907251,0.2390408,2.808349,217,218,-0.5555814,0.1186172,3.094945,207,325,-0.6159228,-0.462573,3.122815,203,392,-0.6378473,-0.8283224,3.120924,189,406,-0.7097142,-0.8998945,3.103158,244,219,-0.4068789,0.1119317,3.05356,243,328,-0.4210212,-0.4770659,3.111493,242,395,-0.4275095,-0.857437,3.150393,239,409,-0.4347863,-0.9070647,3.070172,C13
6467,16:06:04,5,63,233,204,-0.4651832,0.1932886,3.053718,234,191,-0.4623661,0.2610492,3.070353,236,127,-0.4493406,0.6052143,3.060523,240,89,-0.4215145,0.7949673,3.012482,204,145,-0.6243423,0.5140657,3.075624,196,179,-0.6454732,0.3175326,2.969796,193,172,-0.6094106,0.3292779,2.746682,193,169,-0.5973898,0.333193,2.676848,268,147,-0.2787119,0.4994453,3.072229,275,189,-0.2435495,0.2727059,3.061421,262,185,-0.2889879,0.2746063,2.839814,250,175,-0.3380403,0.3142818,2.769155,219,218,-0.5414329,0.1195686,3.055368,197,323,-0.6511483,-0.4421634,3.027526,195,394,-0.6789693,-0.8385896,3.105067,185,406,-0.7250236,-0.8967991,3.078382,246,219,-0.3953814,0.1112299,3.045201,244,329,-0.4108391,-0.4799418,3.094487,242,395,-0.4276609,-0.8551815,3.144108,241,409,-0.425811,-0.9039419,3.063522,C11
6497,16:06:05,8,63,196,201,-0.649609,0.201913,2.995334,194,188,-0.6565434,0.2704527,2.988037,188,121,-0.6817817,0.6129184,2.953262,195,81,-0.6489722,0.8213767,2.956671,158,144,-0.827425,0.4881787,2.913968,144,190,-0.8941138,0.2554331,2.903348,176,228,-0.7085567,0.05749367,2.806508,186,233,-0.647671,0.03344616,2.764667,221,141,-0.5363413,0.5364706,3.103588,225,180,-0.5241215,0.3320504,3.158055,233,195,-0.4469013,0.2330432,2.934713,236,193,-0.4185269,0.2363694,2.858519,183,217,-0.7107926,0.1189904,2.956057,184,327,-0.7178457,-0.460448,3.020332,185,396,-0.7278256,-0.842956,3.083355,180,410,-0.7399253,-0.9008117,3.02548,212,216,-0.5764619,0.1265,3.045436,223,328,-0.5244457,-0.4749451,3.077904,230,396,-0.4902994,-0.8496944,3.110328,236,409,-0.4545757,-0.9076158,3.076879,C1
6527,16:06:06,12,63,191,203,-0.6828345,0.1975659,3.016485,189,189,-0.6890033,0.2679312,3.010684,183,122,-0.7195523,0.6198162,2.998034,186,84,-0.6997207,0.8140928,2.983868,152,147,-0.8776236,0.4874835,2.979102,145,193,-0.9135104,0.2440093,2.974901,151,235,-0.8526388,0.02626795,2.884873,157,251,-0.8070236,-0.05497998,2.836702,218,140,-0.5540094,0.5395145,3.092654,230,181,-0.4950843,0.3209069,3.127646,244,173,-0.3889755,0.3429117,2.931442,243,156,-0.3834859,0.4180616,2.835446,176,219,-0.7513191,0.1112122,2.990326,180,324,-0.7421286,-0.4480545,3.034436,185,395,-0.7293086,-0.8377836,3.077885,181,407,-0.7338206,-0.8830766,3.017672,207,216,-0.6006753,0.1274706,3.045158,222,325,-0.5141999,-0.4468386,3.00571,238,385,-0.4508306,-0.7999327,3.140857,239,402,-0.4421291,-0.8852252,3.120423,C11
6557,16:06:07,13,63,231,203,-0.4931939,0.201949,3.156142,231,191,-0.4925773,0.2703002,3.151642,231,128,-0.4878423,0.6118063,3.133803,232,93,-0.4703575,0.7849548,3.048211,199,148,-0.6649538,0.5080189,3.137706,192,190,-0.6990719,0.2708558,3.110526,204,181,-0.5901413,0.3036015,2.91702,206,181,-0.581286,0.2984046,2.902843,263,146,-0.3126143,0.5168895,3.152184,274,188,-0.2554032,0.2860721,3.137859,260,187,-0.2963745,0.2654695,2.841413,254,180,-0.3184975,0.2899987,2.756782,217,218,-0.5703,0.1237992,3.160072,204,322,-0.6380664,-0.4516672,3.154709,201,390,-0.6594516,-0.8348959,3.171172,187,403,-0.7270773,-0.8898908,3.118398,244,218,-0.4175453,0.1223207,3.156114,243,322,-0.4340867,-0.459074,3.202011,241,387,-0.4463135,-0.8272035,3.225041,242,401,-0.4320825,-0.8919641,3.173356,C13
6587,16:06:08,11,63,218,204,-0.5534103,0.1979867,3.104571,217,191,-0.5606002,0.2694645,3.1104,215,124,-0.5709019,0.628613,3.10183,221,87,-0.5353359,0.8253921,3.079683,185,146,-0.7172967,0.5000075,3.031869,168,186,-0.8031009,0.2848972,3.017931,212,197,-0.5570506,0.2204113,2.939932,220,194,-0.5055985,0.2302135,2.883051,246,144,-0.4103348,0.5326815,3.183787,247,191,-0.4098124,0.2770737,3.217831,269,199,-0.2746043,0.2208971,3.053051,275,199,-0.23196,0.2109665,2.961628,205,217,-0.6200765,0.123582,3.071399,195,322,-0.6777577,-0.4469904,3.099896,188,394,-0.7252757,-0.8437259,3.131305,181,405,-0.7506169,-0.8921208,3.079705,232,218,-0.481027,0.1196684,3.132712,236,323,-0.4706638,-0.4602206,3.185511,240,390,-0.4498672,-0.8418863,3.216846,241,403,-0.4390582,-0.9031014,3.162829,C8
6617,16:06:09,12,63,188,203,-0.70005,0.1947504,3.026136,186,190,-0.7064139,0.2627774,3.021535,180,126,-0.7386544,0.6020509,3.012188,180,86,-0.7256943,0.795861,2.960238,147,148,-0.9116925,0.4861441,3.00825,135,189,-0.9675891,0.2669995,2.992262,170,205,-0.7434672,0.1720674,2.832161,178,206,-0.7013605,0.1652462,2.812662,214,141,-0.5738918,0.5369219,3.106122,225,185,-0.5211142,0.3003099,3.140364,199,174,-0.6045589,0.3300391,2.856833,190,169,-0.6360174,0.3455791,2.799981,174,219,-0.7675471,0.1100768,3.004945,180,324,-0.7540526,-0.4526059,3.070785,187,393,-0.7272957,-0.83669,3.122883,180,405,-0.7535728,-0.8881059,3.075119,204,217,-0.6195406,0.1228422,3.046294,215,324,-0.5696063,-0.4542923,3.106694,224,389,-0.5365504,-0.8280966,3.183327,234,403,-0.4773325,-0.9005114,3.160295,C8
6647,16:06:10,15,63,205,203,-0.5961078,0.1890829,2.948756,204,190,-0.5980965,0.2579958,2.945532,202,123,-0.6057279,0.6027532,2.941418,207,84,-0.573275,0.7924973,2.897571,171,143,-0.7703062,0.4980165,2.94758,162,187,-0.8239457,0.2753278,2.97801,146,200,-0.8422073,0.1924583,2.770866,128,199,-0.8876908,0.1903647,2.645992,236,141,-0.438316,0.5158544,2.98388,247,186,-0.3816801,0.2819092,2.983476,231,182,-0.4309135,0.2805878,2.766433,221,178,-0.4670784,0.2932704,2.689992,190,218,-0.6655611,0.1129077,2.933878,187,326,-0.7024832,-0.4569689,3.027452,188,392,-0.7219881,-0.8303912,3.113277,180,406,-0.7572169,-0.8961172,3.079451,219,218,-0.5221459,0.1123931,2.961572,227,334,-0.4858705,-0.4878921,2.970506,235,406,-0.4475451,-0.8704042,2.996651,238,420,-0.4212025,-0.9201633,2.925125,C11
6677,16:06:11,16,63,230,205,-0.4613205,0.179648,2.922866,230,191,-0.4635352,0.2505364,2.927661,232,119,-0.4479501,0.6180766,2.90916,241,81,-0.3978456,0.7988473,2.879157,199,140,-0.6038965,0.4971249,2.851244,181,183,-0.6889024,0.2837928,2.833959,215,205,-0.5154993,0.1701914,2.797179,234,205,-0.4148824,0.1719237,2.769341,267,145,-0.27906,0.4980687,2.990649,271,180,-0.2643127,0.3201534,3.071731,248,198,-0.3554437,0.2075562,2.815887,228,202,-0.4505394,0.186248,2.785004,215,218,-0.5322066,0.110302,2.909108,201,328,-0.6144745,-0.45391,2.942745,202,399,-0.6274355,-0.8436266,3.031562,191,412,-0.6804147,-0.9110613,3.019839,243,221,-0.3955246,0.1000742,2.93985,240,331,-0.4150481,-0.4735333,2.9786,234,405,-0.4512815,-0.8675914,2.996079,238,419,-0.4194837,-0.9145094,2.914797,C13
6707,16:06:12,20,63,204,203,-0.6299676,0.199355,3.114129,204,191,-0.6329259,0.2671887,3.111778,200,128,-0.6476009,0.605628,3.088758,197,91,-0.6533231,0.7919265,3.028634,169,148,-0.821951,0.5025495,3.108589,170,193,-0.810858,0.2522954,3.081923,163,173,-0.7938042,0.3387734,2.879698,163,171,-0.7858738,0.343732,2.852645,232,141,-0.4776735,0.5370538,3.114064,244,186,-0.412517,0.2940801,3.113768,231,173,-0.453356,0.34037,2.901321,222,172,-0.4891022,0.3408055,2.863476,191,218,-0.7034761,0.1194422,3.112366,198,323,-0.6812066,-0.4623548,3.17855,204,389,-0.6550771,-0.8367783,3.213838,196,400,-0.6953843,-0.8997607,3.203923,219,217,-0.5502953,0.1245424,3.121425,227,335,-0.502086,-0.5118522,3.069764,236,405,-0.4431451,-0.8635672,2.997473,236,418,-0.4271497,-0.9045851,2.905925,C11
6737,16:06:13,19,63,207,205,-0.6238744,0.1907064,3.140691,207,192,-0.6185319,0.2642042,3.139572,211,125,-0.5977328,0.6330699,3.135713,197,92,-0.6623045,0.7970015,3.078157,186,149,-0.7556045,0.5159589,3.229732,177,197,-0.8135085,0.2444973,3.250313,141,182,-0.9949647,0.3195814,3.167644,122,175,-1.088162,0.3555072,3.138437,234,144,-0.4660966,0.5210071,3.095562,249,186,-0.3785704,0.2913828,3.059538,229,180,-0.4541678,0.2969052,2.845174,221,177,-0.484258,0.3060362,2.788358,196,221,-0.6900856,0.1080749,3.172493,199,323,-0.6795022,-0.4641462,3.205195,204,387,-0.6536639,-0.8287693,3.231333,196,399,-0.6886202,-0.8880436,3.183502,216,217,-0.5658301,0.1263875,3.106695,231,331,-0.4881073,-0.4958026,3.125303,252,391,-0.3799694,-0.8452885,3.191722,250,405,-0.3827466,-0.8997991,3.120482,C11
6767,16:06:14,22,63,241,204,-0.4303563,0.1968154,3.131113,241,191,-0.4319244,0.2676335,3.131499,241,126,-0.433768,0.6235946,3.127669,248,89,-0.3887845,0.8198993,3.106156,211,146,-0.5935352,0.5135521,3.106185,197,186,-0.6658739,0.295054,3.093279,222,202,-0.5085216,0.1959186,2.975049,240,206,-0.4029771,0.1742313,2.891597,273,147,-0.263588,0.5193689,3.203441,277,185,-0.2496961,0.318331,3.289933,289,194,-0.165451,0.2423831,3.018878,291,196,-0.1493198,0.2298773,2.961698,228,217,-0.503763,0.123888,3.114678,212,322,-0.5904016,-0.4478933,3.125599,205,390,-0.642499,-0.8378033,3.199101,195,403,-0.6853293,-0.89579,3.14451,255,218,-0.3562155,0.1185925,3.138659,255,322,-0.3644092,-0.4562484,3.178674,252,391,-0.3803019,-0.8420709,3.188946,249,407,-0.3870787,-0.9149415,3.122498,C1
6797,16:06:15,18,63,209,203,-0.6045868,0.2000844,3.110933,208,191,-0.6076049,0.2694172,3.110011,205,127,-0.6223171,0.6162596,3.103196,202,88,-0.6291941,0.810127,3.042953,172,147,-0.8035319,0.5047267,3.097116,164,186,-0.8439574,0.290043,3.089262,172,209,-0.7546737,0.1607857,2.920548,180,212,-0.6977214,0.1391904,2.846434,237,143,-0.4528901,0.5312834,3.127164,246,187,-0.4038678,0.2899668,3.102881,217,163,-0.5199443,0.3874804,2.871915,212,157,-0.5368214,0.4126628,2.844512,195,218,-0.6791925,0.117241,3.099306,198,321,-0.6753742,-0.4499686,3.157596,201,388,-0.6673778,-0.8290647,3.193578,193,403,-0.6951832,-0.896008,3.134557,224,217,-0.5243358,0.1251431,3.120492,232,325,-0.4864886,-0.4696344,3.160881,242,388,-0.4390938,-0.8313204,3.211871,246,399,-0.4092237,-0.8795477,3.162444,C23
6827,16:06:16,24,63,199,203,-0.650941,0.1978812,3.084139,198,191,-0.6554053,0.2660176,3.076673,193,126,-0.6792215,0.6070235,3.051882,194,87,-0.6676025,0.8126663,3.033776,160,148,-0.8525654,0.4909694,3.043034,148,187,-0.9205819,0.2820762,3.065946,162,205,-0.8076285,0.1783416,2.913354,173,206,-0.73116,0.1683776,2.844456,225,142,-0.5204134,0.5372418,3.136837,235,182,-0.4771011,0.3266836,3.210856,235,203,-0.4515582,0.1953815,3.039301,219,199,-0.5096805,0.2056629,2.891971,185,219,-0.7213443,0.1136979,3.061157,192,322,-0.7029846,-0.4500572,3.13912,200,387,-0.6710509,-0.8213061,3.185709,192,403,-0.7051154,-0.8965193,3.14203,215,217,-0.5697002,0.1239609,3.108414,226,325,-0.5122768,-0.4653199,3.125243,240,387,-0.4478855,-0.8209356,3.188796,246,403,-0.4079187,-0.8952828,3.134965,C11
6857,16:06:17,24,63,204,203,-0.6256865,0.1996813,3.072409,202,190,-0.6307423,0.2685869,3.065452,197,125,-0.6547726,0.6131933,3.04923,201,86,-0.6341353,0.8157796,3.03513,166,147,-0.8170925,0.4916171,3.026512,151,190,-0.8995157,0.266289,3.04498,164,220,-0.8023355,0.1046734,2.946332,177,229,-0.7267247,0.05646542,2.895368,231,142,-0.4896508,0.5369248,3.144738,239,181,-0.4542516,0.3298268,3.21227,236,199,-0.4411462,0.2120473,2.987303,229,205,-0.4656025,0.1806185,2.922295,189,218,-0.6959384,0.1149141,3.043053,193,322,-0.6953395,-0.449613,3.130156,200,388,-0.6693824,-0.825871,3.180175,193,404,-0.6969815,-0.8958753,3.126433,220,217,-0.5429969,0.1259846,3.105896,233,327,-0.4704918,-0.4684401,3.080731,251,391,-0.3841662,-0.8361732,3.171209,248,405,-0.3934125,-0.8971485,3.113024,C11
6887,16:06:18,20,63,241,204,-0.4336376,0.1999603,3.149988,242,191,-0.4283444,0.2683213,3.138718,245,127,-0.4038435,0.6107538,3.089633,237,91,-0.4385399,0.7897457,3.020885,218,146,-0.5784963,0.530175,3.226512,214,195,-0.5949129,0.2512661,3.206102,186,212,-0.7161886,0.1483049,3.06065,181,213,-0.7335975,0.1451819,3.017374,271,147,-0.2644956,0.4985399,3.067418,286,188,-0.1855269,0.2835507,3.091778,259,195,-0.314894,0.2310259,2.925853,241,191,-0.3949322,0.2446748,2.860096,230,219,-0.5060422,0.1188323,3.195448,224,322,-0.5432874,-0.4667806,3.2422,229,389,-0.5175068,-0.8488084,3.256804,219,397,-0.5757604,-0.8965366,3.262276,252,218,-0.3705173,0.1191721,3.123464,251,327,-0.3831306,-0.4856611,3.184643,251,392,-0.3858804,-0.8492836,3.191215,247,406,-0.397437,-0.9073209,3.120144,C11
6916,16:06:19,31,63,232,204,-0.4790678,0.1957081,3.106521,232,192,-0.4770601,0.2626629,3.104629,232,134,-0.4800257,0.5765882,3.104015,230,91,-0.4807061,0.7987496,3.053331,202,147,-0.6487098,0.5131466,3.145211,195,183,-0.6983026,0.317908,3.184869,205,203,-0.6000084,0.1903587,2.976847,202,203,-0.590322,0.1856081,2.853581,263,147,-0.3060439,0.5028632,3.079287,277,189,-0.2298153,0.2741644,3.088773,230,196,-0.4606594,0.2275725,2.924772,212,200,-0.5492926,0.20562,2.900454,219,218,-0.5511207,0.1193207,3.119474,210,323,-0.6068147,-0.455199,3.145286,205,389,-0.6350919,-0.8248515,3.167942,197,403,-0.6692761,-0.8865206,3.114138,244,219,-0.412546,0.1154777,3.08979,247,324,-0.4026185,-0.4610408,3.146552,252,390,-0.3787722,-0.834775,3.18571,249,405,-0.3899241,-0.8994919,3.116042,C11
6946,16:06:20,25,63,202,204,-0.6294035,0.1942105,3.059266,202,191,-0.6312486,0.2644013,3.05771,199,125,-0.6440595,0.614629,3.04086,194,87,-0.6645157,0.8045353,3.012798,167,148,-0.8284131,0.5001801,3.096115,161,184,-0.8659517,0.3029559,3.115316,172,196,-0.7533376,0.2266752,2.91183,177,200,-0.7112432,0.1971149,2.840821,229,141,-0.4903362,0.5290777,3.06355,242,177,-0.424329,0.3432484,3.114172,237,185,-0.4088458,0.2738701,2.830946,234,186,-0.4181799,0.2641875,2.786532,189,219,-0.7011374,0.111627,3.061214,196,322,-0.680251,-0.4472809,3.126635,204,389,-0.6404495,-0.8245813,3.161553,196,403,-0.6748897,-0.8836643,3.106123,217,217,-0.55287,0.1243118,3.058908,230,327,-0.4869153,-0.4727613,3.086749,248,390,-0.3963338,-0.8273311,3.160563,249,404,-0.390847,-0.8976482,3.122768,C11
6976,16:06:21,26,63,208,203,-0.5959135,0.1955866,3.050673,207,190,-0.60093,0.265423,3.044508,202,124,-0.6245154,0.6149001,3.029463,208,86,-0.5878019,0.8079257,3.004032,171,146,-0.7850788,0.4971864,3.015378,157,188,-0.8615435,0.2728178,3.022233,178,208,-0.7219474,0.160264,2.898856,193,211,-0.6364425,0.1433013,2.852661,236,142,-0.4583712,0.5324852,3.102968,245,178,-0.4132024,0.3437318,3.147352,246,191,-0.3743857,0.245817,2.876135,243,192,-0.3817803,0.2378039,2.821973,195,218,-0.664306,0.1149061,3.02919,197,323,-0.6674886,-0.4486418,3.103945,204,390,-0.6384866,-0.8280231,3.155214,195,403,-0.6811193,-0.8891364,3.119491,224,217,-0.5156363,0.12173,3.07411,232,327,-0.4711511,-0.4673167,3.056942,243,394,-0.4235828,-0.8444591,3.137088,247,406,-0.3958952,-0.9012181,3.095918,C11
7006,16:06:22,31,63,240,206,-0.4264933,0.1846553,3.063317,240,192,-0.4300229,0.2561376,3.062335,239,125,-0.4298643,0.6129164,3.043328,247,87,-0.3855695,0.8090422,3.026226,210,145,-0.577692,0.4973193,3.000537,193,187,-0.6643583,0.2764239,2.985418,239,208,-0.416471,0.1621767,2.920236,245,211,-0.3768006,0.147017,2.857407,271,146,-0.2701465,0.5195147,3.159048,274,182,-0.262511,0.3299191,3.235147,277,207,-0.2327729,0.178042,3.059324,283,212,-0.1942453,0.1445164,2.961998,227,219,-0.4936698,0.1125134,3.038543,212,322,-0.5765347,-0.4375032,3.059984,207,389,-0.6216505,-0.8173808,3.133658,197,404,-0.6675714,-0.8890386,3.098674,254,220,-0.3569149,0.1087726,3.090261,250,324,-0.3841842,-0.4616889,3.129946,245,392,-0.4162455,-0.8400713,3.161748,248,405,-0.3902702,-0.8907715,3.090854,C11
7036,16:06:23,30,63,214,204,-0.5877496,0.1998737,3.165094,213,191,-0.5941275,0.2699606,3.166502,209,127,-0.6064193,0.6187818,3.13098,210,90,-0.5897884,0.8054221,3.071962,178,148,-0.7683021,0.4993564,3.096025,166,187,-0.8386908,0.2888838,3.103729,181,218,-0.7420699,0.1149568,3.040318,194,224,-0.6584157,0.08331945,2.990228,240,143,-0.4467448,0.5418491,3.203623,249,182,-0.4104721,0.3337571,3.279588,252,197,-0.3584782,0.2267897,3.01518,265,199,-0.2886407,0.2144457,2.988515,200,218,-0.6579858,0.1191716,3.144027,201,320,-0.6694434,-0.4492054,3.215659,202,385,-0.6683365,-0.8218778,3.246094,195,398,-0.7054824,-0.8916792,3.21853,229,217,-0.5109901,0.1265853,3.194425,236,325,-0.4660058,-0.4712712,3.169542,244,393,-0.4227565,-0.8462002,3.16042,246,405,-0.3985128,-0.8927499,3.091279,C23
7065,16:06:24,0,63,205,203,-0.6339278,0.2031478,3.137463,203,190,-0.6410383,0.2727942,3.129325,196,126,-0.6750596,0.6209007,3.102462,201,88,-0.642203,0.8208747,3.083983,167,149,-0.8208491,0.488382,3.055113,150,188,-0.9171599,0.2798172,3.076508,184,212,-0.7105293,0.1440488,2.974647,196,213,-0.6388056,0.1393222,2.951099,229,143,-0.5142757,0.5460808,3.221301,236,181,-0.4861037,0.3381481,3.288615,246,188,-0.3890376,0.2739573,3.023252,248,191,-0.3708847,0.2546212,2.960418,192,218,-0.6968174,0.1195132,3.106834,195,321,-0.6968178,-0.4526137,3.196324,201,385,-0.67447,-0.8238973,3.248548,196,399,-0.6949049,-0.8890304,3.203822,220,216,-0.5556995,0.1321565,3.175613,232,328,-0.4806733,-0.4826702,3.127511,246,396,-0.4024535,-0.849114,3.100352,249,412,-0.3762717,-0.9073327,3.021521,C11
7096,16:06:25,31,63,238,205,-0.4380266,0.1884462,3.034854,238,191,-0.4329942,0.2578016,3.034384,241,125,-0.4132126,0.6021009,2.998903,242,86,-0.3989049,0.7884178,2.932231,209,143,-0.5948652,0.5154706,3.048175,201,189,-0.6417782,0.2736912,3.072806,217,207,-0.5212608,0.1679172,2.890727,221,205,-0.4873133,0.1713381,2.823229,273,146,-0.2466458,0.4964669,3.010019,286,188,-0.1805664,0.2792286,3.039219,269,203,-0.2561034,0.187453,2.858957,251,198,-0.3333255,0.2046369,2.76843,223,219,-0.5173439,0.1132351,3.048569,208,323,-0.5980876,-0.443832,3.055501,210,391,-0.6015489,-0.8275838,3.135755,202,404,-0.6419238,-0.8896051,3.103877,251,220,-0.3669934,0.1053917,3.0284,250,328,-0.3780488,-0.4752105,3.07333,247,399,-0.3943366,-0.8623021,3.103749,250,413,-0.3721766,-0.9151902,3.021224,C11
7125,16:06:26,0,63,218,204,-0.5393161,0.1893438,3.024684,219,191,-0.5371645,0.2581845,3.029454,217,122,-0.542408,0.6240395,3.020986,215,86,-0.5471705,0.7981003,2.96412,185,145,-0.7249622,0.5115654,3.078876,179,187,-0.7595855,0.2851612,3.07777,184,211,-0.688014,0.1472476,2.88867,214,195,-0.5175204,0.2195731,2.779408,249,144,-0.3714135,0.5022455,2.992424,261,189,-0.3113151,0.2713688,3.023736,217,195,-0.511433,0.2218538,2.825896,199,200,-0.592891,0.1978273,2.805514,205,219,-0.6112856,0.1106574,3.031311,201,325,-0.6477916,-0.4596334,3.102531,200,392,-0.6589088,-0.8348709,3.139262,191,405,-0.7045333,-0.8958343,3.108136,231,219,-0.4706509,0.1110274,3.015754,240,331,-0.4291864,-0.4890627,3.059373,246,398,-0.3995495,-0.8596646,3.099541,248,412,-0.3800286,-0.9125176,3.029692,C1
7155,16:06:27,0,63,203,203,-0.6322967,0.1996916,3.07426,201,190,-0.6383039,0.2687561,3.064983,194,124,-0.6685783,0.6138746,3.032536,200,86,-0.6327543,0.8144523,3.013672,164,146,-0.8238623,0.4958233,3.008287,150,189,-0.8940641,0.2699463,3.001271,177,206,-0.7251771,0.1747029,2.893196,194,206,-0.6306473,0.1692181,2.855004,227,142,-0.5127157,0.5434998,3.165729,232,185,-0.4987596,0.3088634,3.231686,247,191,-0.3823621,0.2536517,2.973707,250,193,-0.3626077,0.2420766,2.940687,189,218,-0.6974,0.1172674,3.047613,193,324,-0.6923547,-0.456526,3.102451,199,393,-0.6654446,-0.8429828,3.145564,191,405,-0.7011002,-0.8975596,3.107342,218,217,-0.5558227,0.1262077,3.112355,227,329,-0.5031184,-0.4809707,3.09695,240,397,-0.4315583,-0.8519474,3.091861,245,412,-0.398533,-0.9108301,3.029748,C13
7185,16:06:28,3,63,221,204,-0.5489743,0.1995275,3.154459,220,191,-0.5507249,0.2699247,3.154539,219,127,-0.5583532,0.6227425,3.150162,216,91,-0.5587505,0.8036399,3.083259,186,149,-0.7362767,0.5032507,3.150226,179,186,-0.7876188,0.2995633,3.191164,187,212,-0.7121477,0.1517125,3.050344,188,214,-0.675935,0.1353804,2.932081,249,145,-0.394128,0.5288056,3.163327,264,184,-0.3136433,0.3106596,3.183624,255,186,-0.3303717,0.2740588,2.925861,250,187,-0.3504452,0.2647924,2.867789,207,218,-0.6222894,0.1190854,3.14888,202,321,-0.6544768,-0.4490622,3.160983,200,389,-0.6642432,-0.8229231,3.154459,194,402,-0.6854145,-0.8797168,3.108762,235,217,-0.4718728,0.1258189,3.157403,241,321,-0.4478871,-0.4604902,3.229251,248,383,-0.4180899,-0.8247322,3.298365,250,397,-0.3994215,-0.8916502,3.250991,C11
7216,16:06:29,30,63,240,204,-0.4468911,0.2027199,3.208431,240,191,-0.4471345,0.2735607,3.203564,239,128,-0.4506353,0.6288443,3.1947,248,92,-0.3994501,0.8179945,3.152862,209,148,-0.611982,0.5103858,3.155556,196,185,-0.6852741,0.30589,3.167876,222,203,-0.5265828,0.202062,3.080058,235,206,-0.4469645,0.1794519,3.020837,272,148,-0.2736802,0.5244183,3.267646,277,183,-0.2521321,0.3325823,3.313662,287,188,-0.1796798,0.2817586,3.116581,293,174,-0.1435418,0.3480628,3.001477,227,217,-0.521858,0.1289257,3.197107,213,321,-0.5993658,-0.4541432,3.190815,203,389,-0.6510832,-0.8289716,3.177772,194,403,-0.6891241,-0.8883075,3.120435,254,218,-0.3710548,0.1251415,3.217787,252,319,-0.390586,-0.4503986,3.26793,248,381,-0.417745,-0.8205694,3.318183,250,397,-0.3995049,-0.8901889,3.245988,C11
7245,16:06:30,3,63,203,202,-0.6324753,0.2046558,3.097905,202,190,-0.6383938,0.2722937,3.094486,196,127,-0.6659195,0.6087859,3.06459,194,87,-0.6673149,0.809961,3.026831,164,148,-0.8425769,0.4995482,3.088369,155,188,-0.8957922,0.2829273,3.108769,168,214,-0.7726247,0.1312503,2.913152,180,218,-0.7069944,0.1117451,2.881973,229,140,-0.4979811,0.5444053,3.118653,241,185,-0.4347382,0.3004299,3.133183,218,178,-0.5112144,0.3089217,2.856835,215,183,-0.5197839,0.2842469,2.838637,190,218,-0.7012454,0.1195864,3.089884,194,320,-0.6947707,-0.4393359,3.139604,199,387,-0.6710195,-0.8155323,3.163646,193,402,-0.6948215,-0.885567,3.119396,219,215,-0.5505846,0.1338163,3.11323,233,324,-0.4678604,-0.4493675,3.072793,249,383,-0.3968761,-0.8025652,3.197224,250,398,-0.3895562,-0.8813198,3.185743,C11
7275,16:06:31,3,63,215,204,-0.5548608,0.1891108,3.010974,213,191,-0.5634899,0.260837,3.01212,208,122,-0.5908186,0.6211729,3.010364,217,85,-0.5462546,0.8180316,3.016233,178,144,-0.7271626,0.4907745,2.935501,164,189,-0.7937322,0.2622192,2.913376,209,209,-0.5504482,0.1535589,2.831145,220,211,-0.4892657,0.14195,2.788826,241,144,-0.4317682,0.523937,3.114482,243,192,-0.4201374,0.2629755,3.136346,269,197,-0.2657599,0.2241964,2.996087,271,190,-0.2473646,0.2527871,2.887707,202,219,-0.6123028,0.1111395,2.970343,199,325,-0.6515315,-0.4594514,3.080978,201,391,-0.6554132,-0.8331541,3.159525,195,404,-0.6820841,-0.900095,3.128335,229,219,-0.4840538,0.1129199,3.04699,233,332,-0.4646562,-0.4913053,3.067068,239,399,-0.4360452,-0.8576477,3.090435,240,413,-0.4216513,-0.912512,3.011265,C23
7305,16:06:32,7,63,231,205,-0.4687974,0.1844195,3.015667,231,191,-0.4708559,0.2560052,3.013565,230,123,-0.4694179,0.6133794,2.99408,239,85,-0.4166245,0.7981127,2.934136,199,144,-0.6220295,0.496829,2.944734,185,187,-0.7029983,0.2740176,2.965684,213,212,-0.5382225,0.1433983,2.879552,229,216,-0.4529708,0.1195302,2.831666,264,145,-0.3037263,0.5132959,3.071772,269,183,-0.2814453,0.3154255,3.13584,281,193,-0.1977774,0.2351723,2.872554,284,195,-0.1766415,0.2215733,2.825952,217,219,-0.540215,0.1125175,3.002992,200,324,-0.634481,-0.4448074,3.019944,200,388,-0.6670187,-0.819695,3.164171,202,399,-0.6376824,-0.8631472,3.0927,245,219,-0.3961282,0.1101262,3.031141,244,328,-0.407642,-0.4716083,3.072801,240,400,-0.4338799,-0.8693064,3.102622,242,413,-0.4166698,-0.9177272,3.03252,C23
7335,16:06:33,8,63,201,203,-0.6535051,0.2018345,3.14598,200,191,-0.6598479,0.2702952,3.136178,194,127,-0.6820685,0.6115957,3.086758,197,88,-0.6569286,0.8150002,3.054995,164,150,-0.832091,0.4817706,3.047439,149,191,-0.9191363,0.2650621,3.079305,174,217,-0.7594669,0.1184182,2.977968,184,223,-0.6990094,0.08597365,2.946559,227,142,-0.5215136,0.5528712,3.213934,234,181,-0.4954299,0.3398781,3.309243,240,200,-0.4381455,0.2217699,3.140173,240,202,-0.4189408,0.1996685,3.006481,188,218,-0.7214818,0.1187008,3.121969,190,321,-0.7294316,-0.4520625,3.200018,193,387,-0.7210106,-0.8349984,3.237839,188,400,-0.7416134,-0.901248,3.208503,217,217,-0.575402,0.1299078,3.188669,226,330,-0.516023,-0.4937457,3.150639,240,397,-0.4356736,-0.8541195,3.101073,241,411,-0.4162313,-0.9039189,3.014308,C13
7365,16:06:34,4,63,194,203,-0.6924633,0.2015787,3.144539,193,190,-0.6975644,0.2724994,3.139353,188,126,-0.7222649,0.625845,3.128422,186,91,-0.7243217,0.8076407,3.099097,156,149,-0.9006824,0.5000418,3.143101,147,189,-0.9554674,0.2798114,3.155692,179,198,-0.7373911,0.2190514,2.98552,186,202,-0.6880547,0.1954017,2.931979,221,143,-0.5526,0.5417503,3.191366,234,185,-0.4879033,0.3087958,3.225331,195,198,-0.659423,0.2227473,3.014374,183,202,-0.7018706,0.1954482,2.930567,181,219,-0.7625447,0.1177159,3.134383,187,321,-0.7469139,-0.4567534,3.205885,192,387,-0.7244003,-0.8334478,3.237904,187,399,-0.7530542,-0.9033762,3.238602,209,217,-0.6112707,0.1281628,3.154002,224,327,-0.5304431,-0.4765087,3.144396,238,394,-0.4494036,-0.8423353,3.120326,244,406,-0.4058172,-0.8911442,3.058885,C11
7395,16:06:35,12,63,228,204,-0.4896235,0.1900261,3.032526,229,191,-0.4860141,0.2611146,3.039931,232,123,-0.4686167,0.6182035,3.027191,230,85,-0.4674887,0.8056688,2.970909,198,144,-0.6470174,0.5091727,3.035066,186,184,-0.7096386,0.3000949,3.036486,211,196,-0.5531044,0.224548,2.886388,219,200,-0.5009263,0.1993656,2.840931,263,146,-0.3008392,0.5002967,3.030006,277,188,-0.2290144,0.2753166,3.033905,240,190,-0.3904047,0.2460474,2.804544,227,198,-0.4547741,0.2078174,2.798487,213,218,-0.5666492,0.1146267,3.033288,199,324,-0.6459935,-0.4513659,3.056792,201,387,-0.6662405,-0.824131,3.196331,191,400,-0.7126993,-0.8897915,3.167796,241,219,-0.4201382,0.1095134,3.028646,240,328,-0.4292736,-0.476131,3.079929,239,397,-0.4425787,-0.8564641,3.115779,241,412,-0.4199645,-0.9149228,3.038236,C13
7425,16:06:36,11,63,216,205,-0.5421386,0.181822,2.964354,217,192,-0.5378025,0.2520762,2.96991,218,121,-0.5291998,0.6196331,2.971511,211,82,-0.5584116,0.8068445,2.919745,185,146,-0.7126114,0.4963335,3.016945,180,183,-0.7482903,0.3042334,3.045194,182,192,-0.6810153,0.2350616,2.816403,183,197,-0.6620032,0.2092988,2.754031,247,143,-0.3759816,0.4993185,2.942237,263,187,-0.292529,0.2732607,2.951165,235,195,-0.415225,0.2185945,2.785169,219,193,-0.475682,0.2220407,2.697635,202,220,-0.6138791,0.1031609,2.972906,198,327,-0.6422425,-0.4579583,3.009595,199,397,-0.6415576,-0.833554,3.035141,188,410,-0.6924013,-0.893654,3.004286,228,219,-0.4773957,0.1067601,2.94841,232,332,-0.4668048,-0.4878511,3.041993,239,398,-0.4420663,-0.8575832,3.102819,241,411,-0.4175104,-0.9089364,3.035889,C11
7455,16:06:37,12,63,198,203,-0.6290188,0.1926874,2.950301,198,189,-0.6272623,0.2651153,2.944263,199,118,-0.6200218,0.6274101,2.927468,186,84,-0.6794426,0.7906778,2.902127,172,150,-0.792205,0.4839079,3.056068,170,191,-0.8054838,0.2642493,3.069647,150,203,-0.8545275,0.1873605,2.872807,141,203,-0.8792057,0.1825424,2.809196,224,139,-0.488895,0.5110869,2.902294,243,184,-0.3887929,0.2844801,2.897979,208,188,-0.5425456,0.2517379,2.756305,180,185,-0.6464273,0.2563532,2.645362,187,219,-0.6959046,0.1084168,2.984984,192,328,-0.6762896,-0.4638481,3.017944,199,398,-0.6433851,-0.8391513,3.037753,191,411,-0.6817042,-0.9000422,3.015542,209,216,-0.5647998,0.1236597,2.918915,226,335,-0.4798667,-0.4848179,2.917504,252,400,-0.3554839,-0.8420607,2.999817,247,414,-0.379764,-0.9080397,2.97286,C8
7485,16:06:38,12,63,244,205,-0.3958745,0.1799172,2.963532,243,192,-0.3984336,0.2505777,2.967225,244,123,-0.3945141,0.6045067,2.960598,255,84,-0.3333395,0.799924,2.937344,213,143,-0.5480968,0.498894,2.938794,195,185,-0.634335,0.2797067,2.905604,242,199,-0.3837603,0.202935,2.81235,274,201,-0.223389,0.1888502,2.780671,279,146,-0.2204437,0.5043871,3.053037,283,181,-0.2031507,0.3211774,3.116864,275,196,-0.2262982,0.2187366,2.850173,261,203,-0.2939403,0.1866452,2.846486,231,219,-0.4613498,0.1071235,2.947488,221,329,-0.5187871,-0.4650985,3.000709,223,395,-0.5215119,-0.8360745,3.075034,217,408,-0.5509772,-0.905146,3.070098,257,221,-0.3257674,0.1004616,2.972349,257,329,-0.3330357,-0.4694247,3.019954,256,399,-0.3398599,-0.8493031,3.04747,250,412,-0.3709863,-0.9093668,3.012338,C11
7515,16:06:39,12,63,212,202,-0.5732617,0.2003775,3.043669,211,189,-0.5815657,0.270054,3.03761,204,122,-0.6067803,0.6157399,2.990113,210,84,-0.572075,0.8078414,2.966604,176,146,-0.7412105,0.4849334,2.936824,159,188,-0.8352612,0.2725049,2.967613,179,214,-0.7120727,0.131495,2.877068,195,221,-0.6237972,0.09693311,2.841015,239,140,-0.4406469,0.5428039,3.10082,246,183,-0.4096114,0.3150861,3.175098,270,189,-0.2625643,0.2682575,3.01459,280,189,-0.2054626,0.2658274,2.959713,199,217,-0.636481,0.1189827,3.015805,198,324,-0.6589924,-0.4554585,3.090836,200,394,-0.6563759,-0.8416052,3.121763,193,407,-0.6886207,-0.903569,3.094109,228,216,-0.4986606,0.1291839,3.085654,238,330,-0.4407975,-0.4822246,3.07036,250,396,-0.3748903,-0.8334358,3.055542,248,413,-0.3775676,-0.9098507,2.996965,C15
7545,16:06:40,11,63,204,202,-0.62091,0.2004488,3.047057,202,189,-0.6288013,0.270764,3.038714,193,122,-0.6687569,0.6223731,3.01279,196,85,-0.652007,0.8166516,3.007245,164,147,-0.8098207,0.4827873,2.96365,148,189,-0.8964173,0.2649891,2.975486,185,216,-0.6794257,0.1213584,2.87866,199,219,-0.6082881,0.1066464,2.86004,227,140,-0.5104683,0.5499397,3.145801,234,183,-0.4835448,0.3215999,3.229848,252,200,-0.3656639,0.2156302,3.089951,271,196,-0.2570678,0.2299459,2.978631,191,218,-0.6811715,0.1174389,3.016019,193,325,-0.6860707,-0.4590231,3.082958,199,394,-0.6590985,-0.8407421,3.121222,194,407,-0.6870067,-0.9078088,3.102666,219,216,-0.5440698,0.1312666,3.085535,231,332,-0.4802381,-0.4930051,3.071991,245,399,-0.4013129,-0.8534814,3.065555,247,413,-0.3818983,-0.9104492,2.999979,C1
7575,16:06:41,8,63,201,203,-0.6329938,0.1949382,3.041146,199,190,-0.6407461,0.2656447,3.033312,191,123,-0.6801969,0.6181986,3.010362,194,85,-0.6603937,0.8161515,3.001131,161,148,-0.8220142,0.476227,2.960629,146,191,-0.9084217,0.2552606,2.974,183,216,-0.6895601,0.1180725,2.868147,196,219,-0.6177212,0.1039027,2.851562,225,141,-0.5246464,0.543468,3.142777,231,185,-0.5042992,0.3131667,3.224163,247,197,-0.3924466,0.2284811,3.06411,265,199,-0.2826733,0.2121858,2.943022,188,219,-0.6941896,0.111306,3.008986,192,326,-0.6915265,-0.4630882,3.080889,200,396,-0.6541685,-0.8495329,3.11897,192,408,-0.6913337,-0.9097373,3.094658,217,217,-0.5552747,0.125754,3.079354,229,331,-0.4875633,-0.4902202,3.06747,244,399,-0.4046364,-0.8518087,3.056117,246,413,-0.3875254,-0.9092221,3.000377,C11
7605,16:06:42,11,63,217,204,-0.5572362,0.1968605,3.099955,216,191,-0.5634433,0.2681822,3.095157,211,124,-0.5917405,0.6252398,3.087448,217,87,-0.5568224,0.8244916,3.073786,182,148,-0.729862,0.4893578,3.024978,164,187,-0.8274332,0.281899,3.031715,181,217,-0.7185062,0.1209327,2.959972,198,222,-0.6271054,0.09153147,2.926747,243,144,-0.428023,0.5360852,3.182924,250,187,-0.3948695,0.300277,3.236375,275,181,-0.245556,0.3165916,3.086323,289,174,-0.1640011,0.3462504,3.008639,205,218,-0.6199471,0.1171211,3.068765,200,323,-0.6567795,-0.4533143,3.114435,200,394,-0.6586859,-0.8444766,3.123655,194,408,-0.6829962,-0.9101511,3.097732,232,217,-0.4818509,0.1251967,3.131804,242,323,-0.4334657,-0.4585421,3.167419,251,385,-0.3962734,-0.8361532,3.298057,253,398,-0.3774769,-0.8960913,3.236427,C11
7635,16:06:43,14,63,243,204,-0.4298847,0.2036666,3.208665,243,191,-0.4296928,0.2752441,3.202579,243,127,-0.4300141,0.6339369,3.19118,251,91,-0.380201,0.8227907,3.153744,216,147,-0.5754223,0.5165904,3.167172,200,185,-0.6658906,0.3058031,3.173446,234,210,-0.4616671,0.1596791,3.049119,244,213,-0.4004232,0.1418846,3.009394,275,147,-0.2585975,0.5364333,3.283215,281,188,-0.2287239,0.3033265,3.343394,296,192,-0.1316634,0.2580745,3.077019,302,192,-0.09468766,0.2572814,3.035338,230,216,-0.5018159,0.1335474,3.195924,214,319,-0.5899301,-0.4424737,3.188109,206,387,-0.6418027,-0.827147,3.218498,195,401,-0.6876692,-0.8869614,3.151267,256,217,-0.35871,0.1273039,3.2247,254,318,-0.3781177,-0.448484,3.276902,252,384,-0.3929086,-0.8384802,3.317627,252,398,-0.3870186,-0.8928589,3.233032,C11
7665,16:06:44,16,63,203,202,-0.6355186,0.2053875,3.116033,202,190,-0.6431211,0.273376,3.111121,195,126,-0.6726648,0.612266,3.080018,200,87,-0.6428276,0.8171157,3.054146,164,147,-0.8334795,0.4955482,3.056024,147,187,-0.9325168,0.286226,3.078999,173,215,-0.752022,0.1304461,2.929789,184,218,-0.6881331,0.110612,2.895613,229,142,-0.5065612,0.5449601,3.192463,238,182,-0.464543,0.327852,3.223961,259,180,-0.3287576,0.3205,3.057025,271,172,-0.2564746,0.3516686,2.968132,190,218,-0.7042569,0.1187482,3.087384,194,321,-0.6962575,-0.4456303,3.160687,201,386,-0.6659002,-0.8190319,3.208686,197,400,-0.6830849,-0.8902255,3.170259,220,216,-0.5524935,0.1315457,3.152805,231,323,-0.4810014,-0.4528116,3.104589,248,382,-0.405026,-0.7985131,3.216438,251,398,-0.3843604,-0.8795133,3.185617,C11
7695,16:06:45,14,63,208,204,-0.5935471,0.1884579,3.031164,206,191,-0.6019143,0.2585781,3.028255,199,125,-0.6403512,0.6094105,3.023116,200,86,-0.627491,0.8046656,2.985666,167,149,-0.8039967,0.4811838,3.006496,157,189,-0.8598609,0.2661926,3.009887,188,212,-0.6604654,0.1425031,2.862006,199,214,-0.5974829,0.1281658,2.823589,234,143,-0.465714,0.5273179,3.090796,245,185,-0.4120304,0.3012929,3.132351,264,192,-0.2857103,0.2443067,2.916331,277,191,-0.2125227,0.2433579,2.830385,195,220,-0.6604386,0.1044291,3.007838,198,324,-0.6645918,-0.4560021,3.110459,204,389,-0.6543095,-0.8402326,3.223846,195,401,-0.6938429,-0.8927199,3.166644,225,218,-0.5086188,0.1158482,3.051094,229,332,-0.4891424,-0.4931852,3.076216,237,398,-0.4470442,-0.8559403,3.094467,240,412,-0.4262438,-0.9114459,3.026749,C2
7725,16:06:46,18,63,227,205,-0.4845229,0.1807258,2.985561,226,193,-0.4962888,0.2447038,3.000483,226,132,-0.4939544,0.5666461,2.997848,237,88,-0.4375859,0.7963737,2.995589,197,142,-0.6297315,0.4988381,2.916796,178,185,-0.7164806,0.2790254,2.882284,227,202,-0.4610304,0.1870722,2.83072,241,206,-0.3903054,0.1687607,2.813334,258,146,-0.3395516,0.5111292,3.108772,258,183,-0.3405321,0.3168284,3.151178,286,200,-0.1761815,0.2098319,3.0033,297,206,-0.1213979,0.1741664,2.958587,215,218,-0.5435255,0.1128708,2.951572,196,328,-0.6430441,-0.4601403,2.971043,185,394,-0.7295195,-0.8329496,3.095636,177,406,-0.7661036,-0.8925338,3.066763,240,220,-0.4213524,0.1037734,3.008302,239,328,-0.4357139,-0.4732437,3.061177,239,400,-0.4411546,-0.864682,3.092745,240,413,-0.42586,-0.9180981,3.024697,C11
7755,16:06:47,23,63,190,203,-0.6856564,0.1972222,3.006726,188,189,-0.6931768,0.2663678,2.997207,180,122,-0.723479,0.6118119,2.953171,186,83,-0.6928865,0.8087121,2.944451,150,146,-0.8684794,0.4824784,2.92534,135,190,-0.9468935,0.2557579,2.925132,174,214,-0.7216223,0.1271102,2.822365,184,218,-0.6604882,0.1081819,2.783197,215,141,-0.5694842,0.5378777,3.100321,221,185,-0.5493754,0.3056147,3.17386,242,199,-0.4126315,0.2164822,3.006241,253,203,-0.3422708,0.1910631,2.936638,176,218,-0.748376,0.1131347,2.973936,180,325,-0.7494189,-0.4535853,3.054796,182,394,-0.7498615,-0.8398063,3.108485,178,408,-0.7616227,-0.9052653,3.074628,206,216,-0.6096666,0.1259481,3.054844,218,329,-0.5485789,-0.4790793,3.07426,230,397,-0.4885001,-0.8499685,3.091436,237,412,-0.4394034,-0.9119065,3.031982,C11
7785,16:06:48,21,63,183,204,-0.7287022,0.1932559,3.031723,181,190,-0.7358102,0.2619854,3.022325,173,124,-0.7698957,0.605498,2.992894,173,84,-0.7619718,0.8068691,2.960698,142,149,-0.9291085,0.4749972,2.980429,131,189,-0.984583,0.2663633,2.977667,173,208,-0.7422409,0.1605603,2.891261,187,211,-0.669913,0.1469403,2.877134,207,140,-0.6102594,0.5386094,3.091202,219,181,-0.5644385,0.3301759,3.191252,202,203,-0.6105237,0.1930601,2.94454,210,205,-0.5589907,0.1758633,2.892916,169,219,-0.7939242,0.1087489,3.012341,177,325,-0.7704607,-0.4574771,3.075057,182,394,-0.7507136,-0.8399473,3.107025,178,408,-0.7652069,-0.9052626,3.074175,199,217,-0.6485097,0.1240993,3.063226,214,328,-0.5728949,-0.4739835,3.082669,226,397,-0.5088664,-0.8499426,3.087574,233,410,-0.4618537,-0.9070704,3.042711,C13
7815,16:06:49,18,63,203,203,-0.6123561,0.1903636,2.9792,202,190,-0.6142271,0.2600808,2.977504,201,123,-0.6203084,0.6089891,2.974306,201,84,-0.6085765,0.8028271,2.93099,168,143,-0.7898509,0.5028847,2.964203,154,188,-0.8649478,0.2700775,2.96989,184,200,-0.6632678,0.1932202,2.787019,198,202,-0.5916611,0.1855125,2.763908,234,142,-0.4544038,0.5181289,3.029298,243,185,-0.4145339,0.2954779,3.067392,216,201,-0.5202292,0.1942025,2.853204,198,209,-0.600709,0.1546894,2.80876,188,219,-0.6844051,0.111114,2.954263,185,327,-0.716275,-0.4636608,3.033903,183,395,-0.7472564,-0.8458138,3.1091,178,409,-0.7650049,-0.9065562,3.069803,218,219,-0.536701,0.1112719,3.000422,219,330,-0.5298851,-0.4726198,3.005131,223,401,-0.5153629,-0.8547355,3.028802,225,415,-0.4953548,-0.9152842,2.9903,C13
7845,16:06:50,25,63,220,206,-0.5137229,0.1743925,2.946258,218,194,-0.527728,0.2410747,2.966554,218,132,-0.5294479,0.5629406,2.965357,227,87,-0.4846115,0.7968214,2.971241,189,144,-0.6589518,0.4853151,2.877142,171,187,-0.7411822,0.2650703,2.835546,208,204,-0.55092,0.1764669,2.81365,229,206,-0.4500369,0.166926,2.813342,252,146,-0.3638023,0.5043428,3.055419,253,184,-0.3621464,0.3032047,3.110399,246,204,-0.3716057,0.1775325,2.853348,252,202,-0.3321165,0.1863805,2.790323,207,220,-0.5733431,0.1030067,2.90932,187,325,-0.6792647,-0.4358718,2.912585,180,388,-0.7538816,-0.7968614,3.069516,170,404,-0.8084686,-0.8810864,3.078058,233,221,-0.4504982,0.0965976,2.973109,230,328,-0.4764377,-0.4626043,3.016356,224,401,-0.5105055,-0.8509887,3.028466,226,414,-0.491691,-0.9078412,2.984228,C13
7875,16:06:51,26,63,184,203,-0.7416302,0.2010283,3.109148,183,190,-0.7423848,0.2701973,3.105096,180,126,-0.7523898,0.614848,3.074481,171,90,-0.7911258,0.797385,3.03155,149,149,-0.9473976,0.5019879,3.16484,148,197,-0.9578813,0.2361743,3.173853,120,191,-1.026605,0.2526599,2.933465,118,186,-1.020902,0.2733294,2.887734,211,142,-0.591866,0.5284242,3.090982,225,186,-0.5193871,0.2933013,3.1215,205,177,-0.5826054,0.3183124,2.887503,194,174,-0.6215324,0.3236466,2.817769,171,219,-0.8163083,0.115693,3.129023,179,322,-0.7843485,-0.4580767,3.174679,183,387,-0.7698864,-0.8269641,3.205342,177,400,-0.7909792,-0.8840399,3.16235,198,217,-0.662591,0.1268589,3.098765,208,331,-0.601432,-0.4907126,3.081297,222,399,-0.5245093,-0.8470378,3.044492,223,413,-0.5054995,-0.898649,2.970399,C13
7905,16:06:52,24,63,185,204,-0.7219677,0.1952098,3.063516,186,190,-0.7178401,0.266164,3.068065,189,124,-0.7044238,0.6232318,3.066172,186,88,-0.7092785,0.8080401,3.034699,156,146,-0.8962015,0.5161906,3.130435,147,195,-0.9369661,0.2451719,3.100946,110,202,-1.068648,0.1907775,2.900664,96,199,-1.114645,0.2060525,2.836375,216,142,-0.5592041,0.5240433,3.069424,229,177,-0.4923076,0.342401,3.102179,223,184,-0.4804355,0.276838,2.822572,222,187,-0.4747019,0.2571343,2.757071,171,218,-0.8013052,0.1173349,3.068672,176,322,-0.7940642,-0.4516858,3.145482,183,388,-0.7704132,-0.828479,3.204488,178,400,-0.7845266,-0.8805382,3.153139,199,217,-0.6486187,0.1202362,3.052265,207,332,-0.5986276,-0.4899685,3.035246,221,400,-0.5259209,-0.852047,3.039459,223,413,-0.506313,-0.9092,2.995925,C11
7935,16:06:53,22,63,213,204,-0.5546392,0.1860938,2.958361,214,190,-0.5488601,0.2570808,2.960305,216,121,-0.5318547,0.6089319,2.920484,209,81,-0.5532911,0.7938764,2.858588,181,144,-0.7218699,0.4997744,2.97713,174,192,-0.7620953,0.2525489,2.990334,142,211,-0.8709294,0.14196,2.797528,131,218,-0.9052826,0.1070528,2.741009,246,143,-0.3780742,0.4929806,2.915848,259,185,-0.318759,0.2866572,2.97837,264,205,-0.2726718,0.1715244,2.80449,254,214,-0.3087428,0.122539,2.653341,197,219,-0.63811,0.1092506,2.963691,190,329,-0.6799439,-0.4651423,2.988534,189,399,-0.6938167,-0.8421671,3.022902,174,412,-0.7722103,-0.9048639,3.012991,227,219,-0.4802679,0.1076105,2.956288,223,329,-0.509286,-0.4680607,3.007766,222,402,-0.5212825,-0.8588611,3.036263,221,416,-0.5184497,-0.9241256,3.000332,C13
7964,16:06:54,0,63,178,203,-0.7367533,0.1894913,2.961163,177,190,-0.7380661,0.2579876,2.953593,174,123,-0.7447858,0.5996217,2.924154,178,83,-0.7158416,0.7920006,2.876023,140,145,-0.9284159,0.4921528,2.949344,132,197,-0.9715512,0.2232762,2.955681,115,248,-1.042791,-0.03993618,2.911757,105,270,-1.08462,-0.1510616,2.887197,208,142,-0.5877961,0.516972,3.00185,215,185,-0.5691283,0.296994,3.090248,221,215,-0.5168326,0.130623,2.973032,220,208,-0.5036023,0.1610347,2.867132,163,219,-0.8121358,0.1094334,2.956608,165,328,-0.814109,-0.4647065,3.008487,168,398,-0.8086246,-0.8436558,3.043768,163,412,-0.8168997,-0.895194,2.978724,193,218,-0.6595175,0.1136947,2.977035,206,331,-0.5983806,-0.475297,2.995204,221,401,-0.5242977,-0.8550897,3.037326,225,414,-0.4986203,-0.9105932,2.986971,C11
7995,16:06:55,29,63,190,202,-0.6861615,0.1995789,3.010209,189,189,-0.6906387,0.2686138,3.007468,185,123,-0.7095913,0.6141914,3.001618,190,86,-0.6787958,0.803936,2.979762,154,145,-0.8666164,0.4979435,2.986816,142,189,-0.9290014,0.2658458,2.982862,169,218,-0.7537305,0.1110374,2.847792,182,223,-0.6794336,0.08241205,2.817197,220,142,-0.5433022,0.5336383,3.10166,230,180,-0.5022217,0.335109,3.173635,227,196,-0.4744439,0.2222684,2.91113,222,205,-0.4889892,0.174294,2.855522,176,217,-0.753963,0.1203951,2.982795,171,326,-0.7879573,-0.4529756,3.014314,169,397,-0.8058137,-0.8390047,3.047267,163,410,-0.8229029,-0.8905308,2.996178,205,217,-0.6088322,0.1233019,3.036935,214,326,-0.5729133,-0.46849,3.097398,223,390,-0.5477029,-0.8408227,3.210462,223,403,-0.539255,-0.9053068,3.174026,C8
8024,16:06:56,1,63,216,205,-0.5731608,0.1937091,3.133366,216,192,-0.5692019,0.2645734,3.126767,219,126,-0.5498163,0.6195984,3.111423,216,90,-0.5544406,0.7987716,3.044778,186,146,-0.7350647,0.5164595,3.141674,177,187,-0.7961639,0.2954316,3.185475,149,193,-0.8946483,0.246861,2.992602,133,190,-0.9524297,0.2541006,2.914934,247,146,-0.3963897,0.5092354,3.097072,254,181,-0.3604386,0.3218967,3.139184,243,164,-0.3911493,0.3863994,2.889744,247,177,-0.3604195,0.313101,2.827277,201,218,-0.6545607,0.1208632,3.137421,190,321,-0.7201782,-0.4461517,3.158677,195,389,-0.7047047,-0.8385438,3.211693,180,401,-0.7845831,-0.8981353,3.196242,229,219,-0.5002099,0.1144892,3.133962,225,325,-0.5288432,-0.4767138,3.192247,221,392,-0.5600037,-0.8565665,3.225831,225,404,-0.5268809,-0.9063296,3.163314,C11
8055,16:06:57,38,63,178,203,-0.7847399,0.2057008,3.156941,178,190,-0.7827712,0.2779035,3.15024,179,123,-0.7736139,0.6394081,3.133685,169,88,-0.8304327,0.8341335,3.138968,155,149,-0.9445156,0.5190794,3.268586,144,196,-1.007572,0.2526325,3.262426,111,211,-1.146307,0.1587317,3.134094,97,212,-1.209779,0.1522267,3.09535,202,144,-0.6417412,0.5226558,3.103832,217,188,-0.5582018,0.2844116,3.104725,196,183,-0.6269549,0.2884291,2.892288,183,179,-0.6645721,0.2956339,2.778703,168,219,-0.8490463,0.1160304,3.199309,174,319,-0.8206785,-0.4458461,3.213993,186,385,-0.7611422,-0.8249396,3.25025,173,399,-0.8203541,-0.8881462,3.198369,187,215,-0.7243654,0.1347879,3.118157,203,327,-0.6444597,-0.4763584,3.134127,221,391,-0.554667,-0.8455371,3.207839,221,404,-0.5449882,-0.8993934,3.141612,C23
8084,16:06:58,0,63,225,196,-0.4663977,0.2184783,2.81291,172,218,-0.7842044,0.1179128,3.033998,175,322,-0.7956498,-0.4512006,3.130506,183,388,-0.7722983,-0.8336702,3.213115,171,397,-0.8477782,-0.8922904,3.245669,202,217,-0.6327887,0.1214617,3.058783,203,331,-0.6255014,-0.4853525,3.053303,209,400,-0.5907583,-0.853901,3.04816,208,414,-0.5909542,-0.919408,3.012417,188,203,-0.7055475,0.1979938,3.045151,187,190,-0.7089767,0.2681063,3.045411,184,124,-0.7223651,0.6188086,3.037155,190,86,-0.6889947,0.8173412,3.028726,152,144,-0.8990796,0.5131056,3.054473,139,186,-0.9636989,0.2854694,3.044497,153,206,-0.845454,0.1743553,2.89452,162,210,-0.7786838,0.149913,2.822786,216,143,-0.5669788,0.5243797,3.099829,223,180,-0.5403976,0.3316029,3.170763,231,186,-0.4508506,0.2743286,2.903507,C23
8114,16:06:59,6,63,207,204,-0.5894069,0.1891141,2.980955,206,190,-0.5925219,0.2589784,2.977391,204,123,-0.602914,0.6083691,2.965769,214,84,-0.5507324,0.80922,2.958256,171,144,-0.759965,0.4911033,2.923232,149,180,-0.8723655,0.3049628,2.916015,147,205,-0.8343372,0.1708662,2.754435,151,212,-0.7917089,0.1332463,2.670966,237,143,-0.4443327,0.519725,3.072255,242,186,-0.4254246,0.2944704,3.135333,269,192,-0.260454,0.2436214,2.907658,277,191,-0.214305,0.2462238,2.868689,192,219,-0.6574059,0.1097752,2.94411,179,326,-0.7322875,-0.4488836,2.971734,182,392,-0.7538052,-0.8305736,3.118135,172,402,-0.8058701,-0.8837484,3.11345,222,219,-0.5154518,0.1083277,3.017444,216,328,-0.5552005,-0.4697282,3.036456,211,400,-0.5827794,-0.8544201,3.051671,210,413,-0.5798835,-0.9073498,2.999227,C11
8144,16:07:00,5,63,175,203,-0.7678134,0.1954469,3.025463,173,190,-0.7736625,0.2644309,3.015824,166,123,-0.8037728,0.609717,2.984293,171,85,-0.7753152,0.8078966,2.968931,136,147,-0.9492652,0.4781022,2.943773,124,189,-1.006723,0.2595211,2.9336,147,219,-0.8763337,0.1051756,2.898158,166,222,-0.7781257,0.09234351,2.878734,201,142,-0.6476097,0.5355939,3.107007,207,182,-0.6358289,0.326728,3.202719,222,197,-0.5216887,0.2288255,3.052289,229,201,-0.4794906,0.2056937,2.994627,162,218,-0.8316057,0.1154231,2.998399,163,324,-0.8483458,-0.453372,3.08871,164,390,-0.8680406,-0.8328772,3.176775,160,402,-0.8767768,-0.8838887,3.123157,191,217,-0.6915818,0.124412,3.062917,199,330,-0.6439483,-0.4791345,3.0519,209,400,-0.5952055,-0.8550911,3.056419,209,412,-0.5847248,-0.9031194,2.997658,C11
8174,16:07:01,1,63,165,203,-0.8366501,0.1987033,3.080411,163,190,-0.8475877,0.2694864,3.078677,154,124,-0.8948258,0.6243154,3.070795,156,85,-0.8809301,0.833387,3.070661,122,148,-1.046466,0.4851586,3.02095,113,189,-1.08997,0.2657961,3.002459,151,215,-0.862702,0.1279633,2.918954,142,218,-0.8875015,0.107522,2.851664,188,141,-0.7318569,0.5448116,3.156369,197,181,-0.7004079,0.3327938,3.242007,214,196,-0.5661211,0.2342317,3.045619,222,197,-0.5147215,0.2243821,2.992498,152,218,-0.899121,0.1162096,3.056406,159,324,-0.8827685,-0.4606818,3.122732,163,390,-0.8737413,-0.8370929,3.181019,159,403,-0.8761621,-0.8903513,3.117381,181,216,-0.7537056,0.1322704,3.103587,198,325,-0.6667932,-0.4646453,3.11443,211,393,-0.5961619,-0.8406365,3.136682,223,403,-0.5208797,-0.8802377,3.082484,C11
8204,16:07:02,3,63,207,202,-0.6467676,0.2171398,3.261421,206,190,-0.6507115,0.2867937,3.254276,203,128,-0.6607254,0.634378,3.222035,211,93,-0.6129296,0.8237942,3.210584,173,149,-0.8107959,0.5041052,3.156418,154,186,-0.9140717,0.2993817,3.151428,195,210,-0.6772267,0.163548,3.106556,210,218,-0.5982784,0.1182701,3.096179,235,146,-0.5005805,0.5522138,3.364617,237,182,-0.4974414,0.3510299,3.435866,237,203,-0.4768519,0.2148056,3.27288,235,208,-0.4687696,0.1758689,3.161607,194,216,-0.7101182,0.135122,3.224894,180,321,-0.7882034,-0.4546509,3.204988,167,388,-0.8567068,-0.8285571,3.190228,172,399,-0.8128633,-0.8717234,3.127695,220,216,-0.5778768,0.1377921,3.307818,216,312,-0.6104176,-0.4239582,3.348881,213,378,-0.6292179,-0.8110098,3.367278,215,391,-0.60717,-0.8749415,3.311024,C11
8234,16:07:03,10,63,203,203,-0.6439366,0.2048555,3.140166,201,190,-0.650951,0.2761321,3.134926,195,124,-0.6852814,0.6325521,3.123576,200,87,-0.6526095,0.834033,3.118724,167,148,-0.8214997,0.4910948,3.059178,149,188,-0.911837,0.2782125,3.052433,187,212,-0.6862725,0.1469202,2.952953,201,212,-0.6138473,0.1429526,2.935588,228,145,-0.5270765,0.545436,3.26937,234,187,-0.5017304,0.3102562,3.313894,248,200,-0.3948063,0.2233285,3.151016,268,198,-0.2767614,0.2229413,3.026484,191,217,-0.7017168,0.1249431,3.099387,184,324,-0.7348416,-0.4514887,3.083822,178,397,-0.7682899,-0.8517376,3.095618,176,409,-0.763712,-0.9012706,3.03995,218,217,-0.5707382,0.126299,3.181523,214,318,-0.6040188,-0.443414,3.261187,212,380,-0.6330862,-0.8188241,3.341947,217,392,-0.59514,-0.8833438,3.309373,C11
8264,16:07:04,7,63,182,202,-0.7268052,0.1972301,3.002003,180,189,-0.7349887,0.2664061,2.994847,171,122,-0.7755231,0.6120323,2.975131,173,82,-0.7617976,0.8183371,2.957651,139,147,-0.9397594,0.4811289,2.968516,127,186,-1.00665,0.2821786,2.984223,142,216,-0.892431,0.1199636,2.871679,154,223,-0.8172706,0.08565319,2.813634,206,140,-0.6098475,0.5338141,3.053549,216,184,-0.5697948,0.3092681,3.132454,220,198,-0.5114918,0.2158587,2.910662,221,203,-0.4930064,0.1862425,2.844699,168,219,-0.7942417,0.1104647,2.984134,173,326,-0.7841992,-0.4587936,3.042069,178,397,-0.7735049,-0.8500028,3.10163,174,408,-0.7753404,-0.8964027,3.040235,199,216,-0.6409728,0.128673,3.024133,215,328,-0.5576599,-0.46868,3.03191,226,393,-0.5069143,-0.827322,3.087684,228,405,-0.4874592,-0.8700234,3.013565,C11
8294,16:07:05,8,63,215,204,-0.5547407,0.1898508,3.007012,212,191,-0.5698357,0.2598827,3.018903,207,123,-0.5937759,0.6179947,3.010533,216,84,-0.5468401,0.8182523,3.000207,178,146,-0.7302204,0.4830438,2.935214,165,190,-0.7925404,0.2573819,2.916815,209,208,-0.5471039,0.1594857,2.828146,216,215,-0.50371,0.1223693,2.780142,241,144,-0.4306917,0.5248134,3.118068,248,186,-0.3952471,0.295526,3.128242,278,188,-0.2178927,0.2689917,2.930059,290,185,-0.148525,0.2756157,2.872747,202,219,-0.6130255,0.1110637,2.964746,189,328,-0.6883628,-0.4643363,3.012986,180,397,-0.7570802,-0.8479954,3.092662,175,409,-0.7701882,-0.8978678,3.038746,230,219,-0.4814968,0.1129189,3.043112,228,328,-0.4923122,-0.4709253,3.068054,227,398,-0.5077983,-0.8625648,3.109916,231,409,-0.4742522,-0.9063953,3.055744,C11
8324,16:07:06,11,63,208,203,-0.5970763,0.1962676,3.055411,207,190,-0.6028882,0.2665726,3.052974,203,124,-0.6241294,0.6184535,3.038598,204,86,-0.6117584,0.8167868,3.02331,171,145,-0.7847106,0.499185,3.00569,158,188,-0.8479344,0.2735277,2.990408,190,206,-0.6563208,0.17313,2.883976,207,207,-0.5686894,0.1657232,2.867569,235,142,-0.4678366,0.5408542,3.139341,244,177,-0.4234791,0.3524017,3.173437,244,183,-0.3853908,0.2868082,2.89572,241,187,-0.398783,0.2677308,2.879783,195,218,-0.6626783,0.1166037,3.023556,190,325,-0.7056082,-0.4607634,3.108304,187,391,-0.7395396,-0.8408979,3.183721,180,403,-0.7741407,-0.8978906,3.150458,224,218,-0.5216588,0.1188825,3.088617,225,327,-0.5146097,-0.4750876,3.102102,227,398,-0.5067067,-0.8618817,3.109711,231,409,-0.4773824,-0.9031797,3.048417,C11
8354,16:07:07,9,63,182,202,-0.7484277,0.2086911,3.106299,182,189,-0.7492244,0.2785561,3.102575,180,124,-0.7561572,0.6291347,3.095635,172,89,-0.7950516,0.8108495,3.071742,151,149,-0.9454159,0.5096695,3.187088,146,184,-0.9777377,0.3176225,3.217063,144,205,-0.9363969,0.1856724,3.039524,149,202,-0.8694472,0.191773,2.910139,207,143,-0.6084117,0.5243976,3.084756,221,188,-0.5347437,0.2822041,3.093391,195,187,-0.6353691,0.2691776,2.897222,169,181,-0.7302253,0.2868603,2.761599,171,218,-0.8145328,0.1226891,3.127814,179,322,-0.7809657,-0.4526485,3.159884,185,387,-0.753829,-0.8242952,3.195081,179,400,-0.7788533,-0.886193,3.162012,194,215,-0.6803176,0.1351468,3.080712,210,329,-0.5964754,-0.4862694,3.105314,225,396,-0.5178806,-0.8493226,3.104203,229,410,-0.4829171,-0.9030327,3.031069,C8
8384,16:07:08,12,63,203,205,-0.610401,0.1844369,2.976553,203,191,-0.6059533,0.2556045,2.970376,205,121,-0.5918899,0.6109035,2.940417,195,84,-0.6315125,0.793316,2.896883,177,146,-0.7713354,0.5031412,3.072199,172,180,-0.8140895,0.3284824,3.138841,171,201,-0.7705618,0.2040679,2.956179,191,186,-0.6151934,0.2576734,2.729758,229,143,-0.4661353,0.4925837,2.91237,246,187,-0.3765664,0.2660359,2.890718,190,193,-0.6326675,0.2294037,2.785825,175,195,-0.7032394,0.2188335,2.764227,191,220,-0.6775283,0.1041705,3.011186,188,324,-0.7191949,-0.4548662,3.101496,189,388,-0.7281991,-0.8243843,3.180408,179,401,-0.7765455,-0.8879272,3.142264,214,218,-0.5495834,0.1123527,2.949483,222,334,-0.5146752,-0.4893512,2.987926,228,403,-0.4828708,-0.8553926,2.995699,222,416,-0.5143243,-0.9228826,2.994286,C23
8414,16:07:09,10,63,218,206,-0.5156113,0.1743886,2.893026,220,192,-0.5079817,0.2444958,2.889654,227,121,-0.4704476,0.5999665,2.881629,220,84,-0.4934151,0.7714914,2.82101,196,143,-0.6437885,0.5048391,2.974564,185,191,-0.708014,0.2551297,2.985772,149,188,-0.8419565,0.2555639,2.819811,139,188,-0.8867512,0.2525019,2.792175,251,145,-0.3395918,0.4699017,2.818017,257,191,-0.304719,0.2367043,2.775848,233,175,-0.3946678,0.295888,2.590295,225,169,-0.4176176,0.3116875,2.517625,204,220,-0.5908728,0.1007604,2.922274,194,330,-0.6583496,-0.4705975,2.996104,203,399,-0.6273171,-0.8472037,3.052082,192,408,-0.6838092,-0.8995382,3.063551,229,221,-0.4566233,0.09721591,2.862931,229,335,-0.4704728,-0.4894716,2.954649,227,402,-0.4892114,-0.8504045,3.007404,224,415,-0.4948961,-0.9072754,2.959569,C5
8444,16:07:10,15,63,203,203,-0.6208899,0.1978307,3.029288,203,190,-0.6205615,0.2669905,3.036273,203,124,-0.619612,0.6128531,3.012561,199,87,-0.6258923,0.7957569,2.962294,170,144,-0.7975042,0.5110687,3.033743,163,183,-0.8308406,0.3016883,3.024737,192,175,-0.6309235,0.3233607,2.824564,194,171,-0.6017737,0.3317904,2.732018,234,142,-0.4576895,0.5190147,3.033834,243,184,-0.4083524,0.2948875,3.021812,210,181,-0.554092,0.2946806,2.867212,181,180,-0.6608111,0.2850457,2.723567,189,217,-0.69278,0.121581,3.026352,191,325,-0.7015917,-0.4636377,3.106995,197,392,-0.6860844,-0.8457301,3.174334,189,404,-0.7197775,-0.9027052,3.140127,216,217,-0.5497122,0.1209945,3.034049,222,333,-0.5186456,-0.4930062,3.024859,229,403,-0.4786176,-0.8554669,3.000873,222,420,-0.5014489,-0.9260918,2.933658,C11
8474,16:07:11,17,63,193,203,-0.683454,0.1978019,3.08476,192,190,-0.6879693,0.2665883,3.076203,187,126,-0.7094964,0.6103646,3.046212,190,87,-0.6859763,0.8124835,3.024396,156,145,-0.8737983,0.5031933,3.034476,147,186,-0.9142331,0.2831655,3.020369,186,202,-0.6808639,0.193331,2.894304,199,207,-0.6075205,0.1684667,2.876314,220,142,-0.5518045,0.5404435,3.145869,228,180,-0.5204248,0.3371333,3.219134,233,193,-0.4636227,0.251199,3.030895,239,196,-0.4129221,0.226408,2.914218,180,218,-0.7504332,0.1151629,3.05949,186,324,-0.7330807,-0.4592276,3.134626,195,391,-0.6964177,-0.840521,3.185742,187,404,-0.7323487,-0.9015968,3.1382,209,217,-0.6065494,0.1242459,3.115264,219,332,-0.5454133,-0.4956017,3.072672,230,401,-0.4782916,-0.8524019,3.031048,234,414,-0.4446375,-0.8983885,2.952954,C11
8504,16:07:12,17,63,215,204,-0.5384942,0.185798,2.943415,215,190,-0.5390782,0.2576455,2.938068,215,120,-0.5403512,0.6170659,2.92862,225,83,-0.4892769,0.8087837,2.941767,183,142,-0.6824678,0.4896845,2.844743,165,186,-0.7664301,0.2644733,2.819599,213,207,-0.5164956,0.1594598,2.764632,227,211,-0.4470298,0.1386783,2.747667,246,144,-0.3944273,0.5104342,3.049574,249,185,-0.3822566,0.2953729,3.081452,268,199,-0.2661627,0.2112145,2.924435,278,199,-0.2105246,0.2063886,2.851649,202,218,-0.5976405,0.1131013,2.90456,185,325,-0.6819183,-0.4302584,2.885248,183,390,-0.7371242,-0.8070846,3.080021,178,403,-0.7660496,-0.8819213,3.083319,228,220,-0.4778054,0.1052697,2.982657,225,328,-0.4984492,-0.4658269,3.008313,220,402,-0.5256934,-0.856877,3.012712,229,416,-0.4798889,-0.9237011,2.997246,C1
8534,16:07:13,20,63,189,201,-0.6797861,0.2049235,2.973729,187,187,-0.6883013,0.2749293,2.963526,177,118,-0.7294367,0.6266554,2.924131,186,82,-0.6820141,0.8040649,2.908266,150,141,-0.8638046,0.5024334,2.903781,147,178,-0.8422484,0.3044854,2.788842,180,152,-0.6635993,0.4196873,2.716608,193,142,-0.6077248,0.4676907,2.727386,217,140,-0.5555062,0.5391682,3.078793,223,181,-0.5237549,0.3173291,3.080659,239,166,-0.4046939,0.3694396,2.857106,241,161,-0.3872156,0.3897667,2.811014,177,216,-0.7368038,0.1236891,2.935083,177,326,-0.7564945,-0.4529378,3.025622,177,394,-0.7745011,-0.8354883,3.089961,170,407,-0.8105202,-0.9004501,3.08232,206,216,-0.6050321,0.1270538,3.026493,213,330,-0.5626344,-0.4740349,3.010953,219,403,-0.5337148,-0.8577393,3.012234,224,416,-0.499793,-0.9172364,2.982482,C13
8564,16:07:14,17,63,179,203,-0.7422227,0.1965083,3.012497,178,190,-0.7486017,0.2651617,3.005348,171,124,-0.7778071,0.6084437,2.991099,170,84,-0.7741539,0.8064976,2.956097,139,147,-0.9516852,0.4855123,2.996538,123,185,-1.030924,0.2876491,2.986451,141,208,-0.9011611,0.1616843,2.881498,154,209,-0.8186042,0.1540776,2.824248,205,140,-0.6161683,0.5369775,3.056657,219,180,-0.5534203,0.3311086,3.144624,211,193,-0.5618818,0.2420746,2.949132,200,196,-0.5930265,0.2190379,2.816561,166,219,-0.8105351,0.1116991,3.000716,172,325,-0.7940252,-0.4538545,3.056507,177,394,-0.7785435,-0.8348056,3.104617,169,408,-0.8093762,-0.9015999,3.070905,196,216,-0.6574091,0.1266251,3.02734,211,327,-0.5740807,-0.460156,3.015941,223,387,-0.533287,-0.801703,3.125234,223,398,-0.5196283,-0.8445119,3.049781,C8
8594,16:07:15,18,63,222,204,-0.5309745,0.1920883,3.088816,222,191,-0.5300857,0.2624041,3.083235,222,126,-0.5251669,0.6139597,3.066911,220,90,-0.5233588,0.7904537,3.001799,191,146,-0.6971005,0.5065357,3.076062,187,196,-0.717263,0.2349662,3.07843,173,191,-0.7357711,0.24775,2.863457,171,186,-0.731491,0.2666326,2.796734,253,144,-0.358282,0.5170082,3.072108,268,186,-0.2780886,0.2873769,3.048577,258,179,-0.3053908,0.3051392,2.834987,248,174,-0.3459669,0.3185741,2.761915,207,218,-0.6084827,0.1164045,3.089742,197,325,-0.6673546,-0.4608338,3.111239,191,393,-0.703194,-0.834216,3.123712,178,406,-0.7642138,-0.8942944,3.080126,236,219,-0.4551512,0.1155241,3.0913,234,325,-0.4769189,-0.4695874,3.157179,230,393,-0.5034889,-0.8592916,3.205547,230,404,-0.4940641,-0.9037463,3.146411,C11
8624,16:07:16,16,63,225,204,-0.51343,0.193847,3.092071,227,192,-0.5060341,0.2632052,3.112057,231,126,-0.4803444,0.6191545,3.100318,231,88,-0.4726976,0.8073241,3.040139,199,144,-0.6585652,0.5202561,3.109619,190,192,-0.7012513,0.2578865,3.086563,175,193,-0.7104769,0.2316109,2.800036,167,189,-0.7213259,0.2396825,2.688302,261,147,-0.3184837,0.5032797,3.081905,266,187,-0.2881225,0.2846589,3.044971,248,182,-0.3569131,0.2849973,2.822318,246,176,-0.3565642,0.3067792,2.740735,210,217,-0.5950674,0.1225753,3.09407,191,324,-0.6911111,-0.4521194,3.069909,185,393,-0.7333305,-0.8282765,3.09793,177,406,-0.7678317,-0.8918092,3.077763,238,219,-0.4446313,0.1126249,3.082765,235,326,-0.4706616,-0.4756934,3.150256,231,393,-0.4970831,-0.8585137,3.203592,231,405,-0.4900848,-0.9067859,3.144791,C11
8654,16:07:17,23,63,183,201,-0.7229223,0.2052349,3.012011,183,188,-0.7224069,0.2748124,3.012906,181,121,-0.7276793,0.6228144,3.000602,170,85,-0.7795783,0.8061411,2.968396,148,148,-0.9250451,0.4943485,3.077974,141,187,-0.9562663,0.2805941,3.048807,166,177,-0.7657375,0.3137439,2.840465,170,166,-0.7240912,0.3550685,2.751722,209,140,-0.5806981,0.5224639,2.999543,227,185,-0.4910808,0.2900996,3.008894,193,178,-0.6333768,0.3109199,2.852177,168,168,-0.7341306,0.349918,2.76116,170,217,-0.7956762,0.119975,3.029639,173,324,-0.7860823,-0.4509469,3.05398,177,394,-0.7734057,-0.8309425,3.088591,168,408,-0.8150339,-0.8980684,3.058043,196,215,-0.6487719,0.1301891,2.993201,212,330,-0.5809853,-0.4850523,3.066707,229,390,-0.5053868,-0.8326218,3.170146,229,403,-0.4974686,-0.8929138,3.122405,C11
8684,16:07:18,24,63,173,202,-0.7591572,0.1943855,2.942833,172,189,-0.7631237,0.2650145,2.939703,168,120,-0.7826285,0.6178589,2.933224,167,81,-0.7815161,0.8098193,2.915393,135,145,-0.9626514,0.495499,2.977787,132,192,-0.97497,0.2479635,2.957617,131,222,-0.936481,0.08809017,2.825149,127,233,-0.9113966,0.032647,2.698097,201,140,-0.6163226,0.516159,2.958776,215,183,-0.5602728,0.3055992,3.049358,214,199,-0.5319216,0.2065171,2.860917,205,206,-0.5512693,0.1635654,2.731449,158,219,-0.8327551,0.108892,2.945547,168,328,-0.8071567,-0.4645476,3.024139,175,396,-0.7801508,-0.8403796,3.082681,166,409,-0.8274816,-0.9075973,3.067214,188,217,-0.6766751,0.1204428,2.937217,203,334,-0.6098022,-0.4862694,2.9648,214,403,-0.5580324,-0.8561007,3.000042,215,417,-0.5422839,-0.9154946,2.957808,C11
8714,16:07:19,20,63,214,204,-0.5398095,0.1855171,2.911115,212,190,-0.550125,0.2567904,2.909885,205,119,-0.5851085,0.6146268,2.905906,221,83,-0.5061355,0.7981113,2.907225,178,142,-0.695855,0.4807473,2.806262,165,183,-0.7407852,0.2751531,2.73745,209,187,-0.535051,0.2551365,2.760315,228,178,-0.4461101,0.3009867,2.770819,237,144,-0.4508809,0.5188472,3.085211,241,193,-0.416937,0.2480833,3.029526,266,192,-0.273559,0.2402171,2.87253,270,191,-0.2489569,0.2437024,2.848547,204,218,-0.5825619,0.1108144,2.861944,186,330,-0.6811172,-0.4548732,2.898046,175,395,-0.7674656,-0.8209108,3.028034,184,405,-0.7078186,-0.860736,2.977494,227,219,-0.4806144,0.1100007,2.957542,222,331,-0.513853,-0.475138,2.987785,215,403,-0.549145,-0.8548627,2.995062,218,417,-0.5297568,-0.9148751,2.955257,C11
8744,16:07:20,23,63,188,202,-0.6853116,0.199641,2.971533,187,188,-0.6913195,0.2700689,2.9612,179,118,-0.7198561,0.6219814,2.923777,184,80,-0.6952032,0.8168883,2.920313,150,144,-0.8556237,0.4861374,2.879966,134,187,-0.930829,0.2670864,2.866507,171,206,-0.7279672,0.1652202,2.789322,183,213,-0.6639437,0.1330711,2.769315,215,139,-0.5663242,0.5431172,3.075671,219,185,-0.5556651,0.3005566,3.143703,246,189,-0.3897188,0.2687897,3.017704,256,185,-0.3296939,0.2812101,2.942316,175,216,-0.7452533,0.1210911,2.940474,173,326,-0.7809357,-0.4579132,3.026674,171,393,-0.8065337,-0.8283966,3.097595,166,406,-0.8264205,-0.8926631,3.065281,204,216,-0.6134135,0.1281861,3.015053,210,329,-0.57744,-0.4671141,3.007237,215,403,-0.5521697,-0.8553377,2.999827,221,415,-0.5079849,-0.8982134,2.937229,C2
